SECID,SHORTNAME,ASSETCODE,LASTTRADEDATE,LOTVOLUME,STEPPRICE,MINSTEP,SETTLEPRICE
92Q6,AI92-8.26,AI92,2026-08-28,1,10.00000,10.00000,74120
92U6,AI92-9.26,AI92,2026-09-29,1,10.00000,10.00000,75530
92V6,AI92-10.26,AI92,2026-10-29,1,10.00000,10.00000,74780
95Q6,AI95-8.26,AI95,2026-08-28,1,10.00000,10.00000,77520
95U6,AI95-9.26,AI95,2026-09-29,1,10.00000,10.00000,79040
95V6,AI95-10.26,AI95,2026-10-29,1,10.00000,10.00000,79290
A2U6,ASML-9.26,ASML,2026-09-18,1,0.82998,0.10000,1829.8
A2Z6,ASML-12.26,ASML,2026-12-18,1,0.82998,0.10000,1848.3
AAU6,AFRICA-9.26,AFRICA,2026-09-18,1,0.82998,0.01000,68.1
AAZ6,AFRICA-12.26,AFRICA,2026-12-18,1,0.82998,0.01000,68.61
AEU6,AED-9.26,AED,2026-09-17,1000,1.00000,0.00100,23.007
AEZ6,AED-12.26,AED,2026-12-17,1000,1.00000,0.00100,23.468
AFU6,AFLT-9.26,AFLT,2026-09-17,100,1.00000,1.00000,3480
AFZ6,AFLT-12.26,AFLT,2026-12-17,100,1.00000,1.00000,3578
AGU6,ARGT-9.26,ARGT,2026-09-18,1,0.82998,0.01000,93.54
AGZ6,ARGT-12.26,ARGT,2026-12-18,1,0.82998,0.01000,94.24
AKU6,AFKS-9.26,AFKS,2026-09-17,1000,1.00000,1.00000,8990
AKZ6,AFKS-12.26,AFKS,2026-12-17,1000,1.00000,1.00000,9258
ALU6,ALRS-9.26,ALRS,2026-09-17,100,1.00000,1.00000,2059
ALZ6,ALRS-12.26,ALRS,2026-12-17,100,1.00000,1.00000,2131
ANU6,ALUM-9.26,ALUM,2026-09-15,100,4.14989,0.50000,3291.5
ANZ6,ALUM-12.26,ALUM,2026-12-15,100,4.14989,0.50000,3279
APU6,SAP-9.26,SAP,2026-09-18,1,0.82998,0.01000,205.85
APZ6,SAP-12.26,SAP,2026-12-18,1,0.82998,0.01000,207.81
ARU6,AMD-9.26,AMD,2026-09-17,100000,1.00000,0.00100,22.482
ARZ6,AMD-12.26,AMD,2026-12-17,100000,1.00000,0.00100,22.443
ASU6,ASTR-9.26,ASTR,2026-09-17,1,1.00000,1.00000,210
ASZ6,ASTR-12.26,ASTR,2026-12-17,1,1.00000,1.00000,215
AUU6,AUDU-9.26,AUDU,2026-09-17,1000,8.29977,0.00010,0.7046
AUZ6,AUDU-12.26,AUDU,2026-12-17,1000,8.29977,0.00010,0.7058
BBU6,ALIBABA-9.26,ALIBABA,2026-09-18,1,0.82998,0.01000,125.81
BBZ6,ALIBABA-12.26,ALIBABA,2026-12-18,1,0.82998,0.01000,129.05
BDU6,BAIDU-9.26,BAIDU,2026-09-18,1,0.82998,0.01000,106.77
BDZ6,BAIDU-12.26,BAIDU,2026-12-18,1,0.82998,0.01000,110.74
BMF7,BRM-1.27,BRM,2027-01-04,1,0.82998,0.01000,81.05
BMG7,BRM-2.27,BRM,2027-02-01,1,0.82998,0.01000,81.05
BMH7,BRM-3.27,BRM,2027-03-01,1,0.82998,0.01000,80.8
BMU6,BRM-9.26,BRM,2026-08-31,1,0.82998,0.01000,87.77
BMV6,BRM-10.26,BRM,2026-10-01,1,0.82998,0.01000,85.76
BMX6,BRM-11.26,BRM,2026-11-02,1,0.82998,0.01000,84.1
BMZ6,BRM-12.26,BRM,2026-12-01,1,0.82998,0.01000,82.66
BNU6,BANE-9.26,BANE,2026-09-17,1,1.00000,1.00000,1255
BNZ6,BANE-12.26,BANE,2026-12-17,1,1.00000,1.00000,1268
BRF7,BR-1.27,BR,2027-01-04,10,8.29977,0.01000,81.2
BRG7,BR-2.27,BR,2027-02-01,10,8.29977,0.01000,80.66
BRH7,BR-3.27,BR,2027-03-01,10,8.29977,0.01000,80.84
BRU6,BR-9.26,BR,2026-08-31,10,8.29977,0.01000,87.74
BRV6,BR-10.26,BR,2026-10-01,10,8.29977,0.01000,85.76
BRX6,BR-11.26,BR,2026-11-02,10,8.29977,0.01000,84.04
BRZ6,BR-12.26,BR,2026-12-01,10,8.29977,0.01000,82.47
BSU6,BSPB-9.26,BSPB,2026-09-17,10,1.00000,1.00000,2631
BSZ6,BSPB-12.26,BSPB,2026-12-17,10,1.00000,1.00000,2539
BTQ6,BTC-8.26,BTC,2026-08-28,1,0.08300,1.00000,64013
BTU6,BTC-9.26,BTC,2026-09-25,1,0.08300,1.00000,64414
BTV6,BTC-10.26,BTC,2026-10-30,1,0.08300,1.00000,64924
BYU6,BYN-9.26,BYN,2026-09-17,1000,10.00000,0.01000,28.37
BYZ6,BYN-12.26,BYN,2026-12-17,1000,10.00000,0.01000,29.07
BZU6,BRAZIL-9.26,BRAZIL,2026-09-18,1,0.82998,0.01000,34.24
BZZ6,BRAZIL-12.26,BRAZIL,2026-12-18,1,0.82998,0.01000,34.57
CAU6,UCAD-9.26,UCAD,2026-09-17,1000,5.95948,0.00010,1.3914
CAZ6,UCAD-12.26,UCAD,2026-12-17,1000,5.95948,0.00010,1.3917
CCQ6,COCOA-8.26,COCOA,2026-08-25,10,1.00000,0.10000,470.9
CCX6,COCOA-11.26,COCOA,2026-11-23,10,1.00000,0.10000,483.4
CEU6,COPPER-9.26,COPPER,2026-09-15,10,0.82998,1.00000,14142
CEZ6,COPPER-12.26,COPPER,2026-12-15,10,0.82998,1.00000,14174
CFU6,UCHF-9.26,UCHF,2026-09-17,1000,10.21259,0.00010,0.8108
CFZ6,UCHF-12.26,UCHF,2026-12-17,1000,10.21259,0.00010,0.8075
CIU6,CHINA-9.26,CHINA,2026-09-18,1,0.82998,0.01000,54.75
CIZ6,CHINA-12.26,CHINA,2026-12-18,1,0.82998,0.01000,55.16
CKU6,CHMFM-9.26,CHMFM,2026-09-17,10,1.00000,1.00000,6615
CKZ6,CHMFM-12.26,CHMFM,2026-12-17,10,1.00000,1.00000,6836
CMU6,CBOM-9.26,CBOM,2026-09-17,1000,1.00000,1.00000,10938
CMZ6,CBOM-12.26,CBOM,2026-12-17,1000,1.00000,1.00000,9885
CNYRUBF,CNYRUBF,CNYRUBTOM,2100-01-01,1000,1.00000,0.00100,12.449
CRH7,CNY-3.27,CNY,2027-03-18,1000,1.00000,0.00100,12.985
CRM7,CNY-6.27,CNY,2027-06-17,1000,1.00000,0.00100,13.176
CRU6,CNY-9.26,CNY,2026-09-17,1000,1.00000,0.00100,12.564
CRU7,CNY-9.27,CNY,2027-09-16,1000,1.00000,0.00100,13.449
CRZ6,CNY-12.26,CNY,2026-12-17,1000,1.00000,0.00100,12.773
CRZ7,CNY-12.27,CNY,2027-12-16,1000,1.00000,0.00100,13.7
CSU6,CNI-9.26,CNI,2026-09-17,1,1.00000,1.00000,5560
CSZ6,CNI-12.26,CNI,2026-12-17,1,1.00000,1.00000,5687
DDU6,PDD-9.26,PDD,2026-09-18,1,0.82998,0.01000,89.46
DDZ6,PDD-12.26,PDD,2026-12-18,1,0.82998,0.01000,94.68
DJU6,DJ30-9.26,DJ30,2026-09-18,1,8.29977,0.10000,538.1
DJZ6,DJ30-12.26,DJ30,2026-12-18,1,8.29977,0.10000,538.2
DLQ6,DTL-8.26,DTL,2026-08-28,1,10.00000,10.00000,73980
DLU6,DTL-9.26,DTL,2026-09-29,1,10.00000,10.00000,74110
DLV6,DTL-10.26,DTL,2026-10-29,1,10.00000,10.00000,73070
DRU6,DOMRF-9.26,DOMRF,2026-09-17,1,1.00000,1.00000,2239
DRZ6,DOMRF-12.26,DOMRF,2026-12-17,1,1.00000,1.00000,2307
DXU6,DAX-9.26,DAX,2026-09-18,100,0.95779,1.00000,21759
DXZ6,DAX-12.26,DAX,2026-12-18,100,0.95779,1.00000,21566
EAU6,ENPG-9.26,ENPG,2026-09-17,10,1.00000,1.00000,3201
EAZ6,ENPG-12.26,ENPG,2026-12-17,10,1.00000,1.00000,3308
ECU6,ECAD-9.26,ECAD,2026-09-17,1000,5.95948,0.00010,1.6218
ECZ6,ECAD-12.26,ECAD,2026-12-17,1000,5.95948,0.00010,1.6255
EDH7,ED-3.27,ED,2027-03-18,1000,8.29977,0.00010,1.1489
EDM7,ED-6.27,ED,2027-06-17,1000,8.29977,0.00010,1.1523
EDU6,ED-9.26,ED,2026-09-17,1000,8.29977,0.00010,1.1513
EDZ6,ED-12.26,ED,2026-12-17,1000,8.29977,0.00010,1.1507
EGU6,EGBP-9.26,EGBP,2026-09-17,1000,11.21216,0.00010,0.9078
EGZ6,EGBP-12.26,EGBP,2026-12-17,1000,11.21216,0.00010,0.91
EHQ6,ETH-8.26,ETH,2026-08-28,1,0.08300,0.10000,1894.2
EHU6,ETH-9.26,ETH,2026-09-25,1,0.08300,0.10000,1900
EHV6,ETH-10.26,ETH,2026-10-30,1,0.08300,0.10000,1922.3
EJU6,EJPY-9.26,EJPY,2026-09-17,1000,5.20850,0.01000,180.92
EJZ6,EJPY-12.26,EJPY,2026-12-17,1000,5.20850,0.01000,181.13
EMU6,EM-9.26,EM,2026-09-18,1,0.82998,0.01000,66.54
EMZ6,EM-12.26,EM,2026-12-18,1,0.82998,0.01000,67.55
ERU6,EURM-9.26,EURM,2026-09-17,100,1.00000,0.01000,97.43
ERZ6,EURM-12.26,EURM,2026-12-17,100,1.00000,0.01000,98.71
ETU6,ETHA-9.26,ETHA,2026-09-18,1,0.82998,0.01000,14.38
ETZ6,ETHA-12.26,ETHA,2026-12-18,1,0.82998,0.01000,14.95
EuH7,Eu-3.27,Eu,2027-03-18,1000,1.00000,1.00000,101138
EuM7,Eu-6.27,Eu,2027-06-17,1000,1.00000,1.00000,102976
EURRUBF,EURRUBF,EURRUBTOM,2100-01-01,1000,10.00000,0.01000,96.84
EuU6,Eu-9.26,Eu,2026-09-17,1000,1.00000,1.00000,97393
EuZ6,Eu-12.26,Eu,2026-12-17,1000,1.00000,1.00000,98858
FEU6,FESH-9.26,FESH,2026-09-17,100,1.00000,1.00000,6035
FEZ6,FESH-12.26,FESH,2026-12-17,100,1.00000,1.00000,6141
FFQ6,TTF-8.26,TTF,2026-08-28,1,0.47890,0.00500,59.51
FFU6,TTF-9.26,TTF,2026-09-30,1,0.47890,0.00500,59.455
FLU6,FLOT-9.26,FLOT,2026-09-17,100,1.00000,1.00000,7922
FLZ6,FLOT-12.26,FLOT,2026-12-17,100,1.00000,1.00000,8065
FNU6,FNI-9.26,FNI,2026-09-17,1,1.00000,1.00000,8886
FNZ6,FNI-12.26,FNI,2026-12-17,1,1.00000,1.00000,9166
FSU6,FEES-9.26,FEES,2026-09-17,100000,1.00000,1.00000,5103
FSZ6,FEES-12.26,FEES,2026-12-17,100000,1.00000,1.00000,5286
GAZPF,GAZPF,GAZPF,2100-01-01,100,1.00000,0.01000,89.91
GDH7,GOLD-3.27,GOLD,2027-03-19,1,8.29977,0.10000,4490
GDM7,GOLD-6.27,GOLD,2027-06-18,1,8.29977,0.10000,4558.7
GDU6,GOLD-9.26,GOLD,2026-09-18,1,8.29977,0.10000,4394.1
GDZ6,GOLD-12.26,GOLD,2026-12-18,1,8.29977,0.10000,4438.4
GKU6,GMKN-9.26,GMKN,2026-09-17,10,1.00000,1.00000,1219
GKZ6,GMKN-12.26,GMKN,2026-12-17,10,1.00000,1.00000,1260
GLDRUBF,GLDRUBF,GLDRUBTOM,2100-01-01,1,0.10000,0.10000,11765.8
GLH7,GL-3.27,GL,2027-03-18,1,0.10000,0.10000,12570.2
GLM7,GL-6.27,GL,2027-06-17,1,0.10000,0.10000,12825.3
GLU6,GL-9.26,GL,2026-09-17,1,0.10000,0.10000,11900
GLZ6,GL-12.26,GL,2026-12-17,1,0.10000,0.10000,12230.2
GNH7,GOLDM-3.27,GOLDM,2027-03-19,2,0.82998,0.10000,4497.8
GNM7,GOLDM-6.27,GOLDM,2027-06-18,2,0.82998,0.10000,4571.8
GNU6,GOLDM-9.26,GOLDM,2026-09-18,2,0.82998,0.10000,4393.8
GNZ6,GOLDM-12.26,GOLDM,2026-12-18,2,0.82998,0.10000,4439
GUU6,GBPU-9.26,GBPU,2026-09-17,1000,8.29977,0.00010,1.3437
GUZ6,GBPU-12.26,GBPU,2026-12-17,1000,8.29977,0.00010,1.3434
GZH7,GAZR-3.27,GAZR,2027-03-18,100,1.00000,1.00000,9774
GZM7,GAZR-6.27,GAZR,2027-06-17,100,1.00000,1.00000,10115
GZU6,GAZR-9.26,GAZR,2026-09-17,100,1.00000,1.00000,9107
GZZ6,GAZR-12.26,GAZR,2026-12-17,100,1.00000,1.00000,9426
HDU6,HEAD-9.26,HEAD,2026-09-17,1,1.00000,1.00000,2899
HDZ6,HEAD-12.26,HEAD,2026-12-17,1,1.00000,1.00000,2815
HKU6,HKD-9.26,HKD,2026-09-17,1000,1.00000,0.00100,10.809
HKZ6,HKD-12.26,HKD,2026-12-17,1000,1.00000,0.00100,11.076
HOU6,HOME-9.26,HOME,2026-09-23,1,10.00000,10.00000,39170
HOZ6,HOME-12.26,HOME,2026-12-23,1,10.00000,10.00000,40300
HSU6,HANG-9.26,HANG,2026-09-18,1000,0.10576,1.00000,26155
HSZ6,HANG-12.26,HANG,2026-12-18,1000,0.10576,1.00000,26265
HXU6,HYNIX-9.26,HYNIX,2026-09-18,1,0.82998,0.10000,1144.2
HXZ6,HYNIX-12.26,HYNIX,2026-12-18,1,0.82998,0.10000,1195.5
HYU6,HYDR-9.26,HYDR,2026-09-17,10000,1.00000,1.00000,3403
HYZ6,HYDR-12.26,HYDR,2026-12-17,10000,1.00000,1.00000,3465
I2U6,INR-9.26,INR,2026-09-17,10000,1.00000,0.00010,0.8822
I2Z6,INR-12.26,INR,2026-12-17,10000,1.00000,0.00010,0.8961
IBU6,IBIT-9.26,IBIT,2026-09-18,1,0.82998,0.01000,36.14
IBZ6,IBIT-12.26,IBIT,2026-12-18,1,0.82998,0.01000,37.4
IMOEXF,IMOEXF,IMOEX,2100-01-01,10,5.00000,0.50000,2253
INU6,UINR-9.26,UINR,2026-09-17,1000,2.17440,0.00250,95.7975
INZ6,UINR-12.26,UINR,2026-12-17,1000,2.17440,0.00250,96.6225
IPU6,IPO-9.26,IPO,2026-09-17,1,0.50000,0.50000,490.5
IPZ6,IPO-12.26,IPO,2026-12-17,1,0.50000,0.50000,517.5
IRU6,IRAO-9.26,IRAO,2026-09-17,10000,1.00000,1.00000,25944
IRZ6,IRAO-12.26,IRAO,2026-12-17,10000,1.00000,1.00000,26825
ISU6,ISKJ-9.26,ISKJ,2026-09-17,10,1.00000,1.00000,458
ISZ6,ISKJ-12.26,ISKJ,2026-12-17,10,1.00000,1.00000,466
IVU6,IVAT-9.26,IVAT,2026-09-17,100,1.00000,1.00000,6553
IVZ6,IVAT-12.26,IVAT,2026-12-17,100,1.00000,1.00000,6565
JDU6,JDCOM-9.26,JDCOM,2026-09-18,10,8.29977,0.01000,31.6
JDZ6,JDCOM-12.26,JDCOM,2026-12-18,10,8.29977,0.01000,32.54
JPU6,UJPY-9.26,UJPY,2026-09-17,1000,5.20850,0.01000,159.57
JPZ6,UJPY-12.26,UJPY,2026-12-17,1000,5.20850,0.01000,159.37
KCG7,COFFEE-2.27,COFFEE,2027-02-18,10,0.82998,0.00100,3.65
KCQ6,COFFEE-8.26,COFFEE,2026-08-21,10,0.82998,0.00100,3.393
KCX6,COFFEE-11.26,COFFEE,2026-11-19,10,0.82998,0.00100,3.298
KMU6,KMAZ-9.26,KMAZ,2026-09-17,10,1.00000,1.00000,523
KMZ6,KMAZ-12.26,KMAZ,2026-12-17,10,1.00000,1.00000,527
KRU6,KOREA-9.26,KOREA,2026-09-18,1,0.82998,0.01000,172.85
KRZ6,KOREA-12.26,KOREA,2026-12-18,1,0.82998,0.01000,178.35
KZU6,KZT-9.26,KZT,2026-09-17,100000,1.00000,0.00100,17.9
KZZ6,KZT-12.26,KZT,2026-12-17,100000,1.00000,0.00100,17.717
LDH7,PLDM-3.27,PLDM,2027-03-19,2,0.82998,0.10000,1404.6
LDM7,PLDM-6.27,PLDM,2027-06-18,2,0.82998,0.10000,1460
LDU6,PLDM-9.26,PLDM,2026-09-18,2,0.82998,0.10000,1347
LDZ6,PLDM-12.26,PLDM,2026-12-18,2,0.82998,0.10000,1379.7
LEU6,LEAS-9.26,LEAS,2026-09-17,1,1.00000,1.00000,675
LKH7,LKOH-3.27,LKOH,2027-03-18,10,1.00000,1.00000,46101
LKM7,LKOH-6.27,LKOH,2027-06-17,10,1.00000,1.00000,46302
LKU6,LKOH-9.26,LKOH,2026-09-17,10,1.00000,1.00000,46046
LKZ6,LKOH-12.26,LKOH,2026-12-17,10,1.00000,1.00000,46102
LNU6,LENT-9.26,LENT,2026-09-17,1,1.00000,1.00000,2005
LNZ6,LENT-12.26,LENT,2026-12-17,1,1.00000,1.00000,1950
LTH7,PLTM-3.27,PLTM,2027-03-19,2,0.82998,0.10000,1842.6
LTM7,PLTM-6.27,PLTM,2027-06-18,2,0.82998,0.10000,1870.2
LTU6,PLTM-9.26,PLTM,2026-09-18,2,0.82998,0.10000,1749.7
LTZ6,PLTM-12.26,PLTM,2026-12-18,2,0.82998,0.10000,1796.2
MAU6,MMI-9.26,MMI,2026-09-17,1,1.00000,1.00000,4547
MAZ6,MMI-12.26,MMI,2026-12-17,1,1.00000,1.00000,4500
MCU6,MTLR-9.26,MTLR,2026-09-17,100,1.00000,1.00000,3717
MCZ6,MTLR-12.26,MTLR,2026-12-17,100,1.00000,1.00000,3767
MDU6,MDMG-9.26,MDMG,2026-09-17,10,1.00000,1.00000,13405
MDZ6,MDMG-12.26,MDMG,2026-12-17,10,1.00000,1.00000,13681
MEU6,MOEX-9.26,MOEX,2026-09-17,100,1.00000,1.00000,15771
MEZ6,MOEX-12.26,MOEX,2026-12-17,100,1.00000,1.00000,16331
MFQ6,1MFR-8.26,1MFR,2026-08-31,1000000,8.49315,0.01000,83.58
MFU6,1MFR-9.26,1MFR,2026-09-30,1000000,8.21918,0.01000,83.58
MGU6,MAGN-9.26,MAGN,2026-09-17,1000,1.00000,1.00000,21811
MGZ6,MAGN-12.26,MAGN,2026-12-17,1000,1.00000,1.00000,22500
MMH7,MXI-3.27,MXI,2027-03-18,1,0.50000,0.05000,2394
MMH8,MXI-3.28,MXI,2028-03-16,1,0.50000,0.05000,2644.95
MMM7,MXI-6.27,MXI,2027-06-17,1,0.50000,0.05000,2463
MMM8,MXI-6.28,MXI,2028-06-15,1,0.50000,0.05000,2714.35
MMU6,MXI-9.26,MXI,2026-09-17,1,0.50000,0.05000,2281.4
MMU7,MXI-9.27,MXI,2027-09-16,1,0.50000,0.05000,2528
MMZ6,MXI-12.26,MXI,2026-12-17,1,0.50000,0.05000,2331.45
MMZ7,MXI-12.27,MXI,2027-12-16,1,0.50000,0.05000,2618.15
MNU6,MGNT-9.26,MGNT,2026-09-17,1,1.00000,1.00000,1754
MNZ6,MGNT-12.26,MGNT,2026-12-17,1,1.00000,1.00000,1815
MTU6,MTSI-9.26,MTSI,2026-09-17,100,1.00000,1.00000,19259
MTZ6,MTSI-12.26,MTSI,2026-12-17,100,1.00000,1.00000,19764
MVU6,MVID-9.26,MVID,2026-09-17,10,1.00000,1.00000,439
MVZ6,MVID-12.26,MVID,2026-12-17,10,1.00000,1.00000,426
MXH7,MIX-3.27,MIX,2027-03-18,1,25.00000,25.00000,238775
MXH8,MIX-3.28,MIX,2028-03-16,1,25.00000,25.00000,272775
MXM7,MIX-6.27,MIX,2027-06-17,1,25.00000,25.00000,245500
MXM8,MIX-6.28,MIX,2028-06-15,1,25.00000,25.00000,279675
MXU6,MIX-9.26,MIX,2026-09-17,1,25.00000,25.00000,228150
MXU7,MIX-9.27,MIX,2027-09-16,1,25.00000,25.00000,250000
MXZ6,MIX-12.26,MIX,2026-12-17,1,25.00000,25.00000,233025
MXZ7,MIX-12.27,MIX,2027-12-16,1,25.00000,25.00000,261175
MYU6,MOEXCNY-9.26,MOEXCNY,2026-09-17,1,1.22987,0.10000,838.6
MYZ6,MOEXCNY-12.26,MOEXCNY,2026-12-17,1,1.22987,0.10000,848.6
N2U6,NIKK-9.26,NIKK,2026-09-18,1,0.05209,1.00000,70589
N2Z6,NIKK-12.26,NIKK,2026-12-18,1,0.05209,1.00000,69638
NAH7,NASD-3.27,NASD,2027-03-19,41,0.82998,1.00000,29780
NAM7,NASD-6.27,NASD,2027-06-18,41,0.82998,1.00000,29977
NAU6,NASD-9.26,NASD,2026-09-18,41,0.82998,1.00000,29721
NAZ6,NASD-12.26,NASD,2026-12-18,41,0.82998,1.00000,29805
NBU6,BELUGA-9.26,BELUGA,2026-09-17,1,1.00000,1.00000,282
NBZ6,BELUGA-12.26,BELUGA,2026-12-17,1,1.00000,1.00000,280
NCU6,NICKEL-9.26,NICKEL,2026-09-15,10,4.14989,5.00000,16740
NCZ6,NICKEL-12.26,NICKEL,2026-12-15,10,4.14989,5.00000,17010
NDU6,INDIA-9.26,INDIA,2026-09-18,10,0.82998,0.00100,9.016
NDZ6,INDIA-12.26,INDIA,2026-12-18,10,0.82998,0.00100,9.198
NGF7,NG-1.27,NG,2027-01-27,100,8.29977,0.00100,3.913
NGG7,NG-2.27,NG,2027-02-24,100,8.29977,0.00100,3.25
NGQ6,NG-8.26,NG,2026-08-27,100,8.29977,0.00100,2.785
NGU6,NG-9.26,NG,2026-09-28,100,8.29977,0.00100,2.846
NGV6,NG-10.26,NG,2026-10-28,100,8.29977,0.00100,3.081
NGX6,NG-11.26,NG,2026-11-25,100,8.29977,0.00100,3.723
NGZ6,NG-12.26,NG,2026-12-29,100,8.29977,0.00100,4.163
NMU6,NLMK-9.26,NLMK,2026-09-17,100,1.00000,1.00000,7340
NMZ6,NLMK-12.26,NLMK,2026-12-17,100,1.00000,1.00000,7587
NOU6,NOVARTIS-9.26,NOVARTIS,2026-09-18,1,0.82998,0.01000,153.44
NOZ6,NOVARTIS-12.26,NOVARTIS,2026-12-18,1,0.82998,0.01000,156.38
NRF7,NGM-1.27,NGM,2027-01-27,1,0.08300,0.00100,3.954
NRG7,NGM-2.27,NGM,2027-02-24,1,0.08300,0.00100,3.338
NRQ6,NGM-8.26,NGM,2026-08-27,1,0.08300,0.00100,2.785
NRU6,NGM-9.26,NGM,2026-09-28,1,0.08300,0.00100,2.849
NRV6,NGM-10.26,NGM,2026-10-28,1,0.08300,0.00100,3.089
NRX6,NGM-11.26,NGM,2026-11-25,1,0.08300,0.00100,3.731
NRZ6,NGM-12.26,NGM,2026-12-29,1,0.08300,0.00100,4.183
NVU6,NOTKM-9.26,NOTKM,2026-09-17,10,1.00000,1.00000,10181
NVZ6,NOTKM-12.26,NOTKM,2026-12-17,10,1.00000,1.00000,10255
OGU6,OGI-9.26,OGI,2026-09-17,1,1.00000,1.00000,6017
OGZ6,OGI-12.26,OGI,2026-12-17,1,1.00000,1.00000,6278
OJU6,ORANGE-9.26,ORANGE,2026-09-01,100,8.29977,0.00100,1.47
OJX6,ORANGE-11.26,ORANGE,2026-11-02,100,8.29977,0.00100,1.555
ONU6,OZON-9.26,OZON,2026-09-17,1,1.00000,1.00000,3210
ONZ6,OZON-12.26,OZON,2026-12-17,1,1.00000,1.00000,3310
PDH7,PLD-3.27,PLD,2027-03-19,1,0.82998,0.01000,1395.1
PDM7,PLD-6.27,PLD,2027-06-18,1,0.82998,0.01000,1428.59
PDU6,PLD-9.26,PLD,2026-09-18,1,0.82998,0.01000,1346.76
PDZ6,PLD-12.26,PLD,2026-12-18,1,0.82998,0.01000,1378.76
PHU6,PHOR-9.26,PHOR,2026-09-17,1,1.00000,1.00000,5613
PHZ6,PHOR-12.26,PHOR,2026-12-17,1,1.00000,1.00000,5757
PIU6,PIKK-9.26,PIKK,2026-09-17,10,1.00000,1.00000,5545
PSU6,POSI-9.26,POSI,2026-09-17,1,1.00000,1.00000,966
PSZ6,POSI-12.26,POSI,2026-12-17,1,1.00000,1.00000,994
PTH7,PLT-3.27,PLT,2027-03-19,1,8.29977,0.10000,1830.7
PTM7,PLT-6.27,PLT,2027-06-18,1,8.29977,0.10000,1851
PTU6,PLT-9.26,PLT,2026-09-18,1,8.29977,0.10000,1748.3
PTZ6,PLT-12.26,PLT,2026-12-18,1,8.29977,0.10000,1796
PXU6,PLZLM-9.26,PLZLM,2026-09-17,10,1.00000,1.00000,12217
PXZ6,PLZLM-12.26,PLZLM,2026-12-17,10,1.00000,1.00000,12638
QQQF,QQQF,QQQF,2100-01-01,1,8.29977,0.10000,724.4
R2U6,R2000-9.26,R2000,2026-09-18,1,8.29977,0.10000,302.8
R2Z6,R2000-12.26,R2000,2026-12-18,1,8.29977,0.10000,304.9
RAU6,RASP-9.26,RASP,2026-09-17,10,1.00000,1.00000,1218
RAZ6,RASP-12.26,RASP,2026-12-17,10,1.00000,1.00000,1245
RBH7,RGBI-3.27,RGBI,2027-03-01,1,1.00000,1.00000,11649
RBM7,RGBI-6.27,RGBI,2027-06-01,1,1.00000,1.00000,11697
RBU6,RGBI-9.26,RGBI,2026-09-01,1,1.00000,1.00000,11531
RBZ6,RGBI-12.26,RGBI,2026-12-01,1,1.00000,1.00000,11603
RDU6,RENI-9.26,RENI,2026-09-17,100,1.00000,1.00000,7849
RDZ6,RENI-12.26,RENI,2026-12-17,100,1.00000,1.00000,8135
RFH7,RUONIA-3.27,RUONIA,2027-03-01,1,1.00000,0.00010,4.7845
RFM7,RUONIA-6.27,RUONIA,2027-06-01,1,1.00000,0.00010,4.9412
RFU6,RUONIA-9.26,RUONIA,2026-09-01,1,1.00000,0.00010,4.4735
RFZ6,RUONIA-12.26,RUONIA,2026-12-01,1,1.00000,0.00010,4.6286
RGBIF,RGBIF,RGBIF,2100-01-01,100,1.00000,0.01000,114.88
RIH7,RTS-3.27,RTS,2027-03-18,1,16.59954,10.00000,85430
RIM7,RTS-6.27,RTS,2027-06-17,1,16.59954,10.00000,86760
RIU6,RTS-9.26,RTS,2026-09-17,1,16.59954,10.00000,85070
RIZ6,RTS-12.26,RTS,2026-12-17,1,16.59954,10.00000,85060
RLU6,RUAL-9.26,RUAL,2026-09-17,100,1.00000,1.00000,2736
RLZ6,RUAL-12.26,RUAL,2026-12-17,100,1.00000,1.00000,2818
RMU6,RTSM-9.26,RTSM,2026-09-17,1,8.29977,0.50000,850.5
RMZ6,RTSM-12.26,RTSM,2026-12-17,1,8.29977,0.50000,849
RNH7,ROSN-3.27,ROSN,2027-03-18,100,1.00000,1.00000,35306
RNM7,ROSN-6.27,ROSN,2027-06-17,100,1.00000,1.00000,36991
RNU6,ROSN-9.26,ROSN,2026-09-17,100,1.00000,1.00000,33826
RNZ6,ROSN-12.26,ROSN,2026-12-17,100,1.00000,1.00000,34981
RQU6,RTKMP-9.26,RTKMP,2026-09-17,100,1.00000,1.00000,4478
RQZ6,RTKMP-12.26,RTKMP,2026-12-17,100,1.00000,1.00000,4617
RRQ6,RUON-8.26,RUON,2026-08-31,1000000,8.49315,0.01000,86.28
RRU6,RUON-9.26,RUON,2026-09-30,1000000,8.21918,0.01000,86.28
RTU6,RTKM-9.26,RTKM,2026-09-17,100,1.00000,1.00000,4313
RTZ6,RTKM-12.26,RTKM,2026-12-17,100,1.00000,1.00000,4452
RUU6,RNFT-9.26,RNFT,2026-09-17,10,1.00000,1.00000,847
RUZ6,RNFT-12.26,RNFT,2026-12-17,10,1.00000,1.00000,865
S0U6,SOFL-9.26,SOFL,2026-09-17,10,1.00000,1.00000,566
S0Z6,SOFL-12.26,SOFL,2026-12-17,10,1.00000,1.00000,586
S1H7,SILVM-3.27,SILVM,2027-03-19,1,0.82998,0.01000,68.61
S1M7,SILVM-6.27,SILVM,2027-06-18,1,0.82998,0.01000,70.19
S1U6,SILVM-9.26,SILVM,2026-09-18,1,0.82998,0.01000,65.16
S1Z6,SILVM-12.26,SILVM,2026-12-18,1,0.82998,0.01000,66.95
S2U6,SL-9.26,SL,2026-09-17,100,1.00000,0.01000,172.72
S2Z6,SL-12.26,SL,2026-12-17,100,1.00000,0.01000,178.97
S3Q6,SOL-8.26,SOL,2026-08-28,1,0.82998,0.01000,76.39
S3U6,SOL-9.26,SOL,2026-09-25,1,0.82998,0.01000,77.27
S3V6,SOL-10.26,SOL,2026-10-30,1,0.82998,0.01000,79.94
SAH7,SUGR-3.27,SUGR,2027-02-26,1016,10.16000,0.01000,34.35
SAV6,SUGR-10.26,SUGR,2026-09-30,1016,10.16000,0.01000,31.09
SBERF,SBERF,SBERF,2100-01-01,100,1.00000,0.01000,280.29
SCU6,SVCB-9.26,SVCB,2026-09-17,100,1.00000,1.00000,1049
SCZ6,SVCB-12.26,SVCB,2026-12-17,100,1.00000,1.00000,1086
SDU6,SAUDI-9.26,SAUDI,2026-09-18,1,0.82998,0.01000,38.41
SDZ6,SAUDI-12.26,SAUDI,2026-12-18,1,0.82998,0.01000,38.7
SEU6,SPBE-9.26,SPBE,2026-09-17,10,1.00000,1.00000,1276
SEZ6,SPBE-12.26,SPBE,2026-12-17,10,1.00000,1.00000,1319
SFH7,SPYF-3.27,SPYF,2027-03-19,1,0.82998,0.01000,777.2
SFM7,SPYF-6.27,SPYF,2027-06-18,1,0.82998,0.01000,778.41
SFU6,SPYF-9.26,SPYF,2026-09-18,1,0.82998,0.01000,774.14
SFZ6,SPYF-12.26,SPYF,2026-12-18,1,0.82998,0.01000,775.98
SGU6,SNGP-9.26,SNGP,2026-09-17,1000,1.00000,1.00000,43984
SGZ6,SNGP-12.26,SNGP,2026-12-17,1000,1.00000,1.00000,45490
SHU6,SFIN-9.26,SFIN,2026-09-17,1,0.20000,0.20000,577.4
SHZ6,SFIN-12.26,SFIN,2026-12-17,1,0.20000,0.20000,563.2
SiH7,Si-3.27,Si,2027-03-18,1000,1.00000,1.00000,87906
SiM7,Si-6.27,Si,2027-06-17,1000,1.00000,1.00000,89846
SiU6,Si-9.26,Si,2026-09-17,1000,1.00000,1.00000,84583
SiU7,Si-9.27,Si,2027-09-16,1000,1.00000,1.00000,92352
SiZ6,Si-12.26,Si,2026-12-17,1000,1.00000,1.00000,85883
SiZ7,Si-12.27,Si,2027-12-16,1000,1.00000,1.00000,94630
SKU6,SAMSUNG-9.26,SAMSUNG,2026-09-18,1,0.82998,0.01000,185.4
SKZ6,SAMSUNG-12.26,SAMSUNG,2026-12-18,1,0.82998,0.01000,187.42
SLVRUBF,SLVRUBF,SLVRUBTOM,2100-01-01,100,1.00000,0.01000,170.66
SNU6,SNGR-9.26,SNGR,2026-09-17,1000,1.00000,1.00000,16960
SNZ6,SNGR-12.26,SNGR,2026-12-17,1000,1.00000,1.00000,17520
SOU6,SIBN-9.26,SIBN,2026-09-17,10,1.00000,1.00000,4903
SOZ6,SIBN-12.26,SIBN,2026-12-17,10,1.00000,1.00000,4900
SP500F,SP500F,SP500F,2100-01-01,1,8.29977,0.10000,773.9
SPH7,SBPR-3.27,SBPR,2027-03-18,100,1.00000,1.00000,30401
SPM7,SBPR-6.27,SBPR,2027-06-17,100,1.00000,1.00000,31379
SPU6,SBPR-9.26,SBPR,2026-09-17,100,1.00000,1.00000,28494
SPZ6,SBPR-12.26,SBPR,2026-12-17,100,1.00000,1.00000,29460
SQU6,SOXQ-9.26,SOXQ,2026-09-18,1,0.82998,0.01000,97.23
SQZ6,SOXQ-12.26,SOXQ,2026-12-18,1,0.82998,0.01000,98.86
SRH7,SBRF-3.27,SBRF,2027-03-18,100,1.00000,1.00000,30408
SRM7,SBRF-6.27,SBRF,2027-06-17,100,1.00000,1.00000,31201
SRU6,SBRF-9.26,SBRF,2026-09-17,100,1.00000,1.00000,28407
SRZ6,SBRF-12.26,SBRF,2026-12-17,100,1.00000,1.00000,29371
SSU6,SMLT-9.26,SMLT,2026-09-17,1,1.00000,1.00000,396
SSZ6,SMLT-12.26,SMLT,2026-12-17,1,1.00000,1.00000,404
SuQ6,SUGAR-8.26,SUGAR,2026-08-14,100,1.00000,10.00000,61820
SuU6,SUGAR-9.26,SUGAR,2026-09-15,100,1.00000,10.00000,65590
SuV6,SUGAR-10.26,SUGAR,2026-10-15,100,1.00000,10.00000,65400
SVH7,SILV-3.27,SILV,2027-03-19,10,8.29977,0.01000,68.69
SVM7,SILV-6.27,SILV,2027-06-18,10,8.29977,0.01000,70.75
SVU6,SILV-9.26,SILV,2026-09-18,10,8.29977,0.01000,65.13
SVZ6,SILV-12.26,SILV,2026-12-18,10,8.29977,0.01000,66.85
SXU6,STOX-9.26,STOX,2026-09-18,100,0.09578,0.10000,6655.1
SXZ6,STOX-12.26,STOX,2026-12-18,100,0.09578,0.10000,6538.8
SYU6,SONY-9.26,SONY,2026-09-18,10,8.29977,0.01000,23.46
SYZ6,SONY-12.26,SONY,2026-12-18,10,8.29977,0.01000,23.69
SZU6,SGZH-9.26,SGZH,2026-09-17,1000,1.00000,1.00000,701
SZZ6,SGZH-12.26,SGZH,2026-12-17,1000,1.00000,1.00000,666
TBU6,T-9.26,T,2026-09-17,10,1.00000,1.00000,2774
TBZ6,T-12.26,T,2026-12-17,10,1.00000,1.00000,2821
TCU6,TENCENT-9.26,TENCENT,2026-09-18,10,10.57560,0.10000,436.3
TCZ6,TENCENT-12.26,TENCENT,2026-12-18,10,10.57560,0.10000,445.3
TLU6,TLT-9.26,TLT,2026-09-18,10,8.29977,0.01000,82.52
TLZ6,TLT-12.26,TLT,2026-12-18,10,8.29977,0.01000,82.4
TNU6,TRNF-9.26,TRNF,2026-09-17,1,1.00000,1.00000,1069
TNZ6,TRNF-12.26,TRNF,2026-12-17,1,1.00000,1.00000,1106
TOU6,TOYOTA-9.26,TOYOTA,2026-09-18,1,0.82998,0.01000,189.3
TOZ6,TOYOTA-12.26,TOYOTA,2026-12-18,1,0.82998,0.01000,191.9
TPU6,TATP-9.26,TATP,2026-09-17,10,1.00000,1.00000,5495
TPZ6,TATP-12.26,TATP,2026-12-17,10,1.00000,1.00000,5395
TRU6,UTRY-9.26,UTRY,2026-09-17,1000,0.17402,0.00010,48.2473
TRZ6,UTRY-12.26,UTRY,2026-12-17,1000,0.17402,0.00010,49.4225
TSU6,TSM-9.26,TSM,2026-09-18,1,8.29977,0.10000,432.7
TSZ6,TSM-12.26,TSM,2026-12-18,1,8.29977,0.10000,450.4
TTU6,TATN-9.26,TATN,2026-09-17,100,1.00000,1.00000,56466
TTZ6,TATN-12.26,TATN,2026-12-17,100,1.00000,1.00000,55785
TXQ6,TRX-8.26,TRX,2026-08-28,1,0.82998,0.00010,0.335
TXU6,TRX-9.26,TRX,2026-09-25,1,0.82998,0.00010,0.3371
TXV6,TRX-10.26,TRX,2026-10-30,1,0.82998,0.00010,0.337
TYU6,TRY-9.26,TRY,2026-09-17,1000,1.00000,0.00100,1.684
TYZ6,TRY-12.26,TRY,2026-12-17,1000,1.00000,0.00100,1.66
UCH7,UCNY-3.27,UCNY,2027-03-18,1000,12.29870,0.00100,6.747
UCM7,UCNY-6.27,UCNY,2027-06-17,1000,12.29870,0.00100,6.777
UCU6,UCNY-9.26,UCNY,2026-09-17,1000,12.29870,0.00100,6.732
UCZ6,UCNY-12.26,UCNY,2026-12-17,1000,12.29870,0.00100,6.722
UMU6,USDM-9.26,USDM,2026-09-17,100,1.00000,0.01000,84.6
UMZ6,USDM-12.26,USDM,2026-12-17,100,1.00000,0.01000,86.05
UNU6,UPRO-9.26,UPRO,2026-09-17,10000,1.00000,1.00000,10572
UNZ6,UPRO-12.26,UPRO,2026-12-17,10000,1.00000,1.00000,10850
USDRUBF,USDRUBF,USDRUBTOM,2100-01-01,1000,10.00000,0.01000,84.04
UTU6,UKZT-9.26,UKZT,2026-09-17,1000,17.92000,0.10000,499.3
UTZ6,UKZT-12.26,UKZT,2026-12-17,1000,17.92000,0.10000,510.4
VBU6,VTBR-9.26,VTBR,2026-09-17,100,1.00000,1.00000,5674
VBZ6,VTBR-12.26,VTBR,2026-12-17,100,1.00000,1.00000,5872
VIQ6,RVI-8.26,RVI,2026-08-20,1,8.29977,0.05000,35.85
VIU6,RVI-9.26,RVI,2026-09-17,1,8.29977,0.05000,35.05
VIV6,RVI-10.26,RVI,2026-10-15,1,8.29977,0.05000,35.85
VKU6,VKCO-9.26,VKCO,2026-09-17,10,1.00000,1.00000,1581
VKZ6,VKCO-12.26,VKCO,2026-12-17,10,1.00000,1.00000,1637
W4F7,WHEAT-1.27,WHEAT,2027-01-29,1,10.00000,10.00000,17680
W4G7,WHEAT-2.27,WHEAT,2027-02-26,1,10.00000,10.00000,17950
W4H7,WHEAT-3.27,WHEAT,2027-03-31,1,10.00000,10.00000,18100
W4J7,WHEAT-4.27,WHEAT,2027-04-30,1,10.00000,10.00000,18170
W4K7,WHEAT-5.27,WHEAT,2027-05-31,1,10.00000,10.00000,18190
W4M7,WHEAT-6.27,WHEAT,2027-06-30,1,10.00000,10.00000,18330
W4N7,WHEAT-7.27,WHEAT,2027-07-30,1,10.00000,10.00000,19460
W4Q6,WHEAT-8.26,WHEAT,2026-08-31,1,10.00000,10.00000,13170
W4U6,WHEAT-9.26,WHEAT,2026-09-30,1,10.00000,10.00000,14280
W4V6,WHEAT-10.26,WHEAT,2026-10-30,1,10.00000,10.00000,14860
W4X6,WHEAT-11.26,WHEAT,2026-11-30,1,10.00000,10.00000,16160
W4Z6,WHEAT-12.26,WHEAT,2026-12-30,1,10.00000,10.00000,17340
WTF7,WTI-1.27,WTI,2027-01-20,10,8.29977,0.01000,78.59
WTG7,WTI-2.27,WTI,2027-02-22,10,8.29977,0.01000,75.64
WTQ6,WTI-8.26,WTI,2026-08-20,10,8.29977,0.01000,81.91
WTU6,WTI-9.26,WTI,2026-09-22,10,8.29977,0.01000,80.19
WTV6,WTI-10.26,WTI,2026-10-20,10,8.29977,0.01000,78.17
WTX6,WTI-11.26,WTI,2026-11-20,10,8.29977,0.01000,77.84
WTZ6,WTI-12.26,WTI,2026-12-21,10,8.29977,0.01000,77.57
WUU6,WUSH-9.26,WUSH,2026-09-17,10,1.00000,1.00000,532
WUZ6,WUSH-12.26,WUSH,2026-12-17,10,1.00000,1.00000,545
X5U6,X5-9.26,X5,2026-09-17,1,1.00000,1.00000,2112
X5Z6,X5-12.26,X5,2026-12-17,1,1.00000,1.00000,2185
XIU6,XIA-9.26,XIA,2026-09-18,100,10.57560,0.01000,25.93
XIZ6,XIA-12.26,XIA,2026-12-18,100,10.57560,0.01000,26.97
XRQ6,XRP-8.26,XRP,2026-08-28,1,0.82998,0.00010,1.0215
XRU6,XRP-9.26,XRP,2026-09-25,1,0.82998,0.00010,1.0281
XRV6,XRP-10.26,XRP,2026-10-30,1,0.82998,0.00010,1.0289
YDU6,YDEX-9.26,YDEX,2026-09-17,1,1.00000,1.00000,3996
YDZ6,YDEX-12.26,YDEX,2026-12-17,1,1.00000,1.00000,4021
ZCU6,ZINC-9.26,ZINC,2026-09-15,100,4.14989,0.50000,3749.5
ZCZ6,ZINC-12.26,ZINC,2026-12-15,100,4.14989,0.50000,3727.5
