TRADEDATE,ASSETCODE,t,R,SETTLEPRICE,underlying_asset,SpotPrice,is_announced,most_common_day,most_common_month,second_most_common_day,second_most_common_month,div_size,days_to_div,discounted_div_size,settlementprice_theory,is_div_implied,F,t1_div_rates
2026-08-13,AI92,0,,74120.0,,74120.0,0,,,,,,,,,0,,
2026-08-13,AI92,32,0.2149453850466273,75530.0,,74120.0,0,,,,,,,,,0,,
2026-08-13,AI92,62,0.052189514001776786,74780.0,,74120.0,0,,,,,,,,,0,,
2026-08-13,AI95,0,,77520.0,,77520.0,0,,,,,,,,,0,,
2026-08-13,AI95,32,0.22148754180756416,79040.0,,77520.0,0,,,,,,,,,0,,
2026-08-13,AI95,62,0.13290738937348037,79290.0,,77520.0,0,,,,,,,,,0,,
2026-08-13,ALUM,0,,3291.5,,3291.5,0,,,,,,,,,0,,
2026-08-13,ALUM,91,-0.015261372231850064,3279.0,,3291.5,0,,,,,,,,,0,,
2026-08-13,BRM,126,-0.23074230614408356,81.05,,87.77,0,,,,,,,,,0,,
2026-08-13,BRM,154,-0.188789159572432,81.05,,87.77,0,,,,,,,,,0,,
2026-08-13,BRM,182,-0.16594021287415617,80.8,,87.77,0,,,,,,,,,0,,
2026-08-13,BRM,0,,87.77,,87.77,0,,,,,,,,,0,,
2026-08-13,BRM,31,-0.2727734399277426,85.76,,87.77,0,,,,,,,,,0,,
2026-08-13,BRM,63,-0.24746530497095587,84.1,,87.77,0,,,,,,,,,0,,
2026-08-13,BRM,92,-0.23797979179304954,82.66,,87.77,0,,,,,,,,,0,,
2026-08-13,BR,126,-0.22439576768419822,81.2,BR,87.74,0,,,,,,,,,0,,
2026-08-13,BR,154,-0.19941112855122559,80.66,BR,87.74,0,,,,,,,,,0,,
2026-08-13,BR,182,-0.16426203938992495,80.84,BR,87.74,0,,,,,,,,,0,,
2026-08-13,BR,0,,87.74,BR,87.74,0,,,,,,,,,0,,
2026-08-13,BR,31,-0.2687483039253294,85.76,BR,87.74,0,,,,,,,,,0,,
2026-08-13,BR,63,-0.2496195589343309,84.04,BR,87.74,0,,,,,,,,,0,,
2026-08-13,BR,92,-0.24575332919427614,82.47,BR,87.74,0,,,,,,,,,0,,
2026-08-13,COCOA,0,,470.9,,470.9,0,,,,,,,,,0,,
2026-08-13,COCOA,90,0.10625032802504356,483.4,,470.9,0,,,,,,,,,0,,
2026-08-13,COPPER,0,,14142.0,,14142.0,0,,,,,,,,,0,,
2026-08-13,COPPER,91,0.009065666265885196,14174.0,,14142.0,0,,,,,,,,,0,,
2026-08-13,DTL,0,,73980.0,,73980.0,0,,,,,,,,,0,,
2026-08-13,DTL,32,0.020025834031881806,74110.0,,73980.0,0,,,,,,,,,0,,
2026-08-13,DTL,62,-0.0728640116037294,73070.0,,73980.0,0,,,,,,,,,0,,
2026-08-13,TTF,0,,59.51,,59.51,0,,,,,,,,,0,,
2026-08-13,TTF,33,-0.010227098334387159,59.455,,59.51,0,,,,,,,,,0,,
2026-08-13,GOLD,182,0.043298565695241764,4490.0,GOLD,4394.1,0,,,,,,,,,0,,
2026-08-13,GOLD,273,0.04916772362750782,4558.7,GOLD,4394.1,0,,,,,,,,,0,,
2026-08-13,GOLD,0,,4394.1,GOLD,4394.1,0,,,,,,,,,0,,
2026-08-13,GOLD,91,0.040235109689796524,4438.4,GOLD,4394.1,0,,,,,,,,,0,,
2026-08-13,GLDRUBTOM,0,,11765.8,GLDRUB_TOM,11765.8,0,,,,,,,,,0,,
2026-08-13,GL,182,0.10988211340015018,12570.2,GLDRUB_TOM,11900.0,0,,,,,,,,,0,,
2026-08-13,GL,273,0.10011613408315113,12825.3,GLDRUB_TOM,11900.0,0,,,,,,,,,0,,
2026-08-13,GL,0,,11900.0,GLDRUB_TOM,11900.0,0,,,,,,,,,0,,
2026-08-13,GL,91,0.10978037887188369,12230.2,GLDRUB_TOM,11900.0,0,,,,,,,,,0,,
2026-08-13,GOLDM,182,0.046916402146684646,4497.8,,4393.8,0,,,,,,,,,0,,
2026-08-13,GOLDM,273,0.0530955260357768,4571.8,,4393.8,0,,,,,,,,,0,,
2026-08-13,GOLDM,0,,4393.8,,4393.8,0,,,,,,,,,0,,
2026-08-13,GOLDM,91,0.041051147051856696,4439.0,,4393.8,0,,,,,,,,,0,,
2026-08-13,COFFEE,181,0.14723551853144806,3.65,,3.393,0,,,,,,,,,0,,
2026-08-13,COFFEE,0,,3.393,,3.393,0,,,,,,,,,0,,
2026-08-13,COFFEE,90,-0.11517072786233688,3.298,,3.393,0,,,,,,,,,0,,
2026-08-13,PLDM,182,0.08397540422974153,1404.6,,1347.0,0,,,,,,,,,0,,
2026-08-13,PLDM,273,0.10770379661753329,1460.0,,1347.0,0,,,,,,,,,0,,
2026-08-13,PLDM,0,,1347.0,,1347.0,0,,,,,,,,,0,,
2026-08-13,PLDM,91,0.09620833168486524,1379.7,,1347.0,0,,,,,,,,,0,,
2026-08-13,PLTM,182,0.10375079480139543,1842.6,,1749.7,0,,,,,,,,,0,,
2026-08-13,PLTM,273,0.08904533629315704,1870.2,,1749.7,0,,,,,,,,,0,,
2026-08-13,PLTM,0,,1749.7,,1749.7,0,,,,,,,,,0,,
2026-08-13,PLTM,91,0.1052041408680273,1796.2,,1749.7,0,,,,,,,,,0,,
2026-08-13,NICKEL,0,,16740.0,,16740.0,0,,,,,,,,,0,,
2026-08-13,NICKEL,91,0.06417719331264844,17010.0,,16740.0,0,,,,,,,,,0,,
2026-08-13,NG,153,0.811245826764021,3.913,NG,2.785,0,,,,,,,,,0,,
2026-08-13,NG,181,0.31137348000704707,3.25,NG,2.785,0,,,,,,,,,0,,
2026-08-13,NG,0,,2.785,NG,2.785,0,,,,,,,,,0,,
2026-08-13,NG,32,0.24713495610221387,2.846,NG,2.785,0,,,,,,,,,0,,
2026-08-13,NG,62,0.5946341350948139,3.081,NG,2.785,0,,,,,,,,,0,,
2026-08-13,NG,90,1.1772544594626257,3.723,NG,2.785,0,,,,,,,,,0,,
2026-08-13,NG,124,1.1832714081795221,4.163,NG,2.785,0,,,,,,,,,0,,
2026-08-13,NGM,153,0.8361120637238555,3.954,,2.785,0,,,,,,,,,0,,
2026-08-13,NGM,181,0.3652499581715166,3.338,,2.785,0,,,,,,,,,0,,
2026-08-13,NGM,0,,2.785,,2.785,0,,,,,,,,,0,,
2026-08-13,NGM,32,0.25915207749472646,2.849,,2.785,0,,,,,,,,,0,,
2026-08-13,NGM,62,0.6099005210222098,3.089,,2.785,0,,,,,,,,,0,,
2026-08-13,NGM,90,1.1859597068201921,3.731,,2.785,0,,,,,,,,,0,,
2026-08-13,NGM,124,1.1973790239072346,4.183,,2.785,0,,,,,,,,,0,,
2026-08-13,ORANGE,0,,1.47,,1.47,0,,,,,,,,,0,,
2026-08-13,ORANGE,62,0.3309322236580912,1.555,,1.47,0,,,,,,,,,0,,
2026-08-13,PLD,182,0.07072253929743179,1395.1,PLD,1346.76,0,,,,,,,,,0,,
2026-08-13,PLD,273,0.07886438149221592,1428.59,PLD,1346.76,0,,,,,,,,,0,,
2026-08-13,PLD,0,,1346.76,PLD,1346.76,0,,,,,,,,,0,,
2026-08-13,PLD,91,0.09418939983725688,1378.76,PLD,1346.76,0,,,,,,,,,0,,
2026-08-13,PLT,182,0.09236208712076101,1830.7,PLT,1748.3,0,,,,,,,,,0,,
2026-08-13,PLT,273,0.07631862060443756,1851.0,PLT,1748.3,0,,,,,,,,,0,,
2026-08-13,PLT,0,,1748.3,PLT,1748.3,0,,,,,,,,,0,,
2026-08-13,PLT,91,0.10796813374030449,1796.0,PLT,1748.3,0,,,,,,,,,0,,
2026-08-13,SILVM,182,0.10346850128389334,68.61,,65.16,0,,,,,,,,,0,,
2026-08-13,SILVM,273,0.09941913720914752,70.19,,65.16,0,,,,,,,,,0,,
2026-08-13,SILVM,0,,65.16,,65.16,0,,,,,,,,,0,,
2026-08-13,SILVM,91,0.10869895898041887,66.95,,65.16,0,,,,,,,,,0,,
2026-08-13,SL,0,,172.72,SLVRUB_TOM,172.72,0,,,,,,,,,0,,
2026-08-13,SL,91,0.14257625115724468,178.97,SLVRUB_TOM,172.72,0,,,,,,,,,0,,
2026-08-13,SUGR,149,0.24427023508831536,34.35,SUGR,31.09,0,,,,,,,,,0,,
2026-08-13,SUGR,0,,31.09,SUGR,31.09,0,,,,,,,,,0,,
2026-08-13,SLVRUBTOM,0,,170.66,SLV,170.66,0,,,,,,,,,0,,
2026-08-13,SUGAR,0,,61820.0,SUGAROTCCEN,61820.0,0,,,,,,,,,0,,
2026-08-13,SUGAR,32,0.6752078949878432,65590.0,SUGAROTCCEN,61820.0,0,,,,,,,,,0,,
2026-08-13,SUGAR,62,0.3314160071306732,65400.0,SUGAROTCCEN,61820.0,0,,,,,,,,,0,,
2026-08-13,SILV,182,0.10672911988258393,68.69,SILV,65.13,0,,,,,,,,,0,,
2026-08-13,SILV,273,0.11065952874446316,70.75,SILV,65.13,0,,,,,,,,,0,,
2026-08-13,SILV,0,,65.13,SILV,65.13,0,,,,,,,,,0,,
2026-08-13,SILV,91,0.10455056385955301,66.85,SILV,65.13,0,,,,,,,,,0,,
2026-08-13,WHEAT,151,0.7118528319922006,17680.0,WHEAT,13170.0,0,,,,,,,,,0,,
2026-08-13,WHEAT,179,0.6314063614545857,17950.0,WHEAT,13170.0,0,,,,,,,,,0,,
2026-08-13,WHEAT,212,0.5474490765026204,18100.0,WHEAT,13170.0,0,,,,,,,,,0,,
2026-08-13,WHEAT,242,0.48540530507564006,18170.0,WHEAT,13170.0,0,,,,,,,,,0,,
2026-08-13,WHEAT,273,0.4317568645524434,18190.0,WHEAT,13170.0,0,,,,,,,,,0,,
2026-08-13,WHEAT,303,0.39824456873001574,18330.0,WHEAT,13170.0,0,,,,,,,,,0,,
2026-08-13,WHEAT,333,0.42793735665457744,19460.0,WHEAT,13170.0,0,,,,,,,,,0,,
2026-08-13,WHEAT,0,,13170.0,WHEAT,13170.0,0,,,,,,,,,0,,
2026-08-13,WHEAT,30,0.9845077007343589,14280.0,WHEAT,13170.0,0,,,,,,,,,0,,
2026-08-13,WHEAT,60,0.7344501015010754,14860.0,WHEAT,13170.0,0,,,,,,,,,0,,
2026-08-13,WHEAT,91,0.8206384739371677,16160.0,WHEAT,13170.0,0,,,,,,,,,0,,
2026-08-13,WHEAT,121,0.8297700520081011,17340.0,WHEAT,13170.0,0,,,,,,,,,0,,
2026-08-13,WTI,153,-0.09870892684340425,78.59,,81.91,0,,,,,,,,,0,,
2026-08-13,WTI,186,-0.15627463174246065,75.64,,81.91,0,,,,,,,,,0,,
2026-08-13,WTI,0,,81.91,,81.91,0,,,,,,,,,0,,
2026-08-13,WTI,33,-0.23473110965543242,80.19,,81.91,0,,,,,,,,,0,,
2026-08-13,WTI,61,-0.2796446979143301,78.17,,81.91,0,,,,,,,,,0,,
2026-08-13,WTI,92,-0.20220065937133408,77.84,,81.91,0,,,,,,,,,0,,
2026-08-13,WTI,123,-0.1615505698701354,77.57,,81.91,0,,,,,,,,,0,,
2026-08-13,ZINC,0,,3749.5,,3749.5,0,,,,,,,,,0,,
2026-08-13,ZINC,91,-0.023603587773966813,3727.5,,3749.5,0,,,,,,,,,0,,
2026-08-13,AFLT,35,0.14484359824695683,3480.0,AFLT,34.32,0,11.0,7.0,,,7.673333333333333,,,3477.4282683536535,0,34.8,
2026-08-13,AFLT,126,0.12068407351743042,3578.0,AFLT,34.32,0,11.0,7.0,,,7.673333333333333,,,3598.3758462599967,0,35.78,
2026-08-13,AFKS,35,0.15779030559392027,8990.0,AFKS,8.855,0,16.0,7.0,6.0,10.0,0.555,,,8972.210756489394,0,8.99,
2026-08-13,AFKS,126,0.12892544882232398,9258.0,AFKS,8.855,0,16.0,7.0,6.0,10.0,0.555,54.0,0.5438534384472156,9284.271013587491,0,9.258,0.137134
2026-08-13,ALRS,35,0.15820499844574817,2059.0,ALRS,20.28,0,14.0,7.0,15.0,10.0,4.451428571428571,,,2054.8439767544314,0,20.59,
2026-08-13,ALRS,126,0.143512401559153,2131.0,ALRS,20.28,0,14.0,7.0,15.0,10.0,4.451428571428571,63.0,4.347301761090692,2126.313000062725,0,21.31,0.137134
2026-08-13,ASTR,35,0.10982799997441864,210.0,ASTR,207.8,0,10.0,7.0,16.0,1.0,4.59,,,210.55058105008428,0,210.0,
2026-08-13,ASTR,126,0.09867152026845646,215.0,ASTR,207.8,0,10.0,7.0,16.0,1.0,4.59,,,217.8736890596816,0,215.0,
2026-08-13,BANE,35,0.1127875718699132,1255.0,BANE,1241.5,0,10.0,7.0,20.0,6.0,170.37416666666667,,,1257.933331923386,0,1255.0,
2026-08-13,BANE,126,0.06118248784021231,1268.0,BANE,1241.5,0,10.0,7.0,20.0,6.0,170.37416666666667,,,1301.685201961476,0,1268.0,
2026-08-13,BSPB,35,0.14689496053736711,2631.0,BSPB,259.42,0,12.0,5.0,4.0,6.0,11.984375,,,2628.5385820987904,0,263.1,
2026-08-13,BSPB,126,-0.062304576497551056,2539.0,BSPB,259.42,0,12.0,5.0,4.0,6.0,11.984375,,,2719.9611364707703,0,253.9,
2026-08-13,CHMFM,35,0.1572535426256831,6615.0,CHMF,651.6,0,16.0,6.0,16.0,9.0,34.642500000000005,34.0,34.20278679433646,6602.250173832286,0,661.5,0.137134
2026-08-13,CHMFM,126,0.13887981902733523,6836.0,CHMF,651.6,0,16.0,6.0,16.0,9.0,34.642500000000005,34.0,34.20278679433646,6831.88141440272,0,683.6,0.137134
2026-08-13,CBOM,35,-0.2020628434045496,10938.0,CBOM,11.152,0,6.0,6.0,,,0.11,,,11299.615398799515,0,10.938,
2026-08-13,CBOM,126,-0.349358294042774,9885.0,CBOM,11.152,0,6.0,6.0,,,0.11,,,11692.624544723623,0,9.885,
2026-08-13,DOMRF,35,0.1505940124798241,2239.0,DOMRF,2206.9,0,19.0,7.0,19.0,10.0,162.18499999999997,,,2236.1120178990905,0,2239.0,
2026-08-13,DOMRF,126,0.12850075088625718,2307.0,DOMRF,2206.9,0,19.0,7.0,19.0,10.0,162.18499999999997,67.0,158.15334755944068,2313.8856803937024,0,2307.0,0.137134
2026-08-13,ENPG,35,0.16914674518217132,3201.0,ENPG,314.95,0,,,,,,,,3191.188907686431,0,320.1,
2026-08-13,ENPG,126,0.14223432130780467,3308.0,ENPG,314.95,0,,,,,,,,3302.180864742383,0,330.8,
2026-08-13,FESH,35,0.16546723511010183,6035.0,FESH,59.4,0,,,,,,,,6018.625849073631,0,60.35,
2026-08-13,FESH,126,0.09640189380983032,6141.0,FESH,59.4,0,,,,,,,,6227.958195449994,0,61.41,
2026-08-13,FLOT,35,0.12581450278896406,7922.0,FLOT,78.27,0,10.0,7.0,8.0,1.0,6.684,,,7930.603454663182,0,79.22,
2026-08-13,FLOT,126,0.08677271520144417,8065.0,FLOT,78.27,0,10.0,7.0,8.0,1.0,6.684,,,8206.435824206583,0,80.65,
2026-08-13,FEES,35,0.12541163601082206,5103.0,FEES,0.05042,0,15.0,7.0,10.0,1.0,0.0094928,,,5108.739314988089,0,0.05103,
2026-08-13,FEES,126,0.13690103497599082,5286.0,FEES,0.05042,0,15.0,7.0,10.0,1.0,0.0094928,,,5286.425121457722,0,0.05286,
2026-08-13,GAZPF,26804,2.7289328855804722e-05,89.91,GAZP,89.73,0,17.0,7.0,10.0,10.0,14.866666666666667,338.0,13.09734499437484,10360740.831137083,0,89.91,0.136834
2026-08-13,GMKN,35,0.1586125089196588,1219.0,GMKN,120.06,0,25.0,12.0,18.0,6.0,6.5605,,,1216.4919519188218,0,121.9,
2026-08-13,GMKN,126,0.13988853596539694,1260.0,GMKN,120.06,0,25.0,12.0,18.0,6.0,6.5605,,,1258.8024595045897,0,126.0,
2026-08-13,GAZR,217,0.14382300296864256,9774.0,GAZP,89.73,0,17.0,7.0,10.0,10.0,14.866666666666667,58.0,14.546209063322642,9723.98082721199,0,97.74,0.137134
2026-08-13,GAZR,308,0.14197007091195676,10115.0,GAZP,89.73,0,17.0,7.0,10.0,10.0,14.866666666666667,58.0,14.546209063322642,10059.722122664152,0,101.15,0.137134
2026-08-13,GAZR,35,0.15458563709893383,9107.0,GAZP,89.73,0,17.0,7.0,10.0,10.0,14.866666666666667,,,9091.772684130925,0,91.07,
2026-08-13,GAZR,126,0.14267374974405317,9426.0,GAZP,89.73,0,17.0,7.0,10.0,10.0,14.866666666666667,58.0,14.546209063322642,9407.991395247946,0,94.26,0.137134
2026-08-13,HEAD,35,0.14489391025029918,2899.0,HEAD,2859.0,0,17.0,12.0,26.0,9.0,457.6666666666667,,,2896.843653619783,0,2899.0,
2026-08-13,HEAD,126,-0.04492875308103334,2815.0,HEAD,2859.0,0,17.0,12.0,26.0,9.0,457.6666666666667,126.0,436.5058201556498,2997.5980607393153,0,2815.0,0.137134
2026-08-13,HYDR,35,0.13261411038383755,3403.0,HYDR,0.336,0,7.0,7.0,12.0,10.0,0.036969999999999996,,,3404.475227758822,0,0.3403,
2026-08-13,HYDR,126,0.08914012232829378,3465.0,HYDR,0.336,0,7.0,7.0,12.0,10.0,0.036969999999999996,60.0,0.03614592428117203,3522.8854438909057,0,0.3465,0.137134
2026-08-13,IRAO,35,0.16571322144212744,25944.0,IRAO,2.5535,0,10.0,6.0,30.0,5.0,0.19740333333333335,,,25872.99849429212,0,2.5944,
2026-08-13,IRAO,126,0.14276780454175855,26825.0,IRAO,2.5535,0,10.0,6.0,30.0,5.0,0.19740333333333335,,,26772.8808957602,0,2.6825,
2026-08-13,ISKJ,35,-0.32283624503694824,458.0,ABIO,47.24,0,24.0,6.0,18.0,7.0,0.7699999999999999,,,478.6530052360914,0,45.8,
2026-08-13,ISKJ,126,-0.03951400255642767,466.0,ABIO,47.24,0,24.0,6.0,18.0,7.0,0.7699999999999999,,,495.3009177660904,0,46.6,
2026-08-13,IVAT,35,-0.4470183321611786,6553.0,IVAT,68.4,0,,,,,,,,6930.53885650903,0,65.53,
2026-08-13,IVAT,126,-0.11887187869912985,6565.0,IVAT,68.4,0,,,,,,,,7171.58822506363,0,65.65,
2026-08-13,KMAZ,35,-0.11895837841664042,523.0,KMAZ,52.9,0,14.0,7.0,14.0,6.0,1.4400000000000002,,,536.0022010370287,0,52.3,
2026-08-13,KMAZ,126,-0.010972836592714268,527.0,KMAZ,52.9,0,14.0,7.0,14.0,6.0,1.4400000000000002,,,554.6447618506812,0,52.7,
2026-08-13,LEAS,35,0.09467180980231737,675.0,LEAS,668.9,0,10.0,9.0,14.0,12.0,26.612222222222222,28.0,26.333732549810513,677.7540118594868,0,675.0,0.137134
2026-08-13,LKOH,217,0.11493024463951408,46101.0,LKOH,4538.0,0,20.0,12.0,9.0,7.0,243.92,129.0,232.37995420696518,49178.006234133514,1,4610.1,0.137134
2026-08-13,LKOH,308,0.08612922418176433,46302.0,LKOH,4538.0,0,20.0,12.0,9.0,7.0,243.92,129.0,232.37995420696518,50875.982383427974,1,4630.2,0.137134
2026-08-13,LKOH,35,0.15193821076360695,46046.0,LKOH,4538.0,0,20.0,12.0,9.0,7.0,243.92,,,45980.680308242656,0,4604.6,
2026-08-13,LKOH,126,0.04572596496105903,46102.0,LKOH,4538.0,0,20.0,12.0,9.0,7.0,243.92,,,47579.92304874086,0,4610.2,
2026-08-13,LENT,35,-0.0648142013501004,2005.0,LENT,2017.5,0,,,,,,,,2044.2049916676851,0,2005.0,
2026-08-13,LENT,126,-0.09857823995240993,1950.0,LENT,2017.5,0,,,,,,,,2115.303983050566,0,1950.0,
2026-08-13,MTLR,35,-0.18630392440567542,3717.0,MTLR,37.84,0,,,,,,,,3834.087577928388,0,37.17,
2026-08-13,MTLR,126,-0.013043600834132429,3767.0,MTLR,37.84,0,,,,,,,,3967.4400356199963,0,37.67,
2026-08-13,MDMG,35,0.1591341435368682,13405.0,MDMG,1320.2,0,20.0,6.0,9.0,9.0,49.0,27.0,48.50544885731939,13376.750582402368,0,1340.5,0.137134
2026-08-13,MDMG,126,0.10324191761952527,13681.0,MDMG,1320.2,0,20.0,6.0,9.0,9.0,49.0,27.0,48.50544885731939,13842.00405662135,0,1368.1,0.137134
2026-08-13,MOEX,35,0.15052357008762382,15771.0,MOEX,155.45,0,13.0,5.0,10.0,7.0,9.38076923076923,,,15750.76411175919,0,157.71,
2026-08-13,MOEX,126,0.14288909510412323,16331.0,MOEX,155.45,0,13.0,5.0,10.0,7.0,9.38076923076923,,,16298.587567048848,0,163.31,
2026-08-13,MAGN,35,0.1521954030181917,21811.0,MAGN,21.495,0,13.0,6.0,11.0,10.0,1.4433333333333334,,,21779.522327582104,0,21.811,
2026-08-13,MAGN,126,0.1323703184974385,22500.0,MAGN,21.495,0,13.0,6.0,11.0,10.0,1.4433333333333334,59.0,1.4116911566939976,22537.030540605658,0,22.5,0.137134
2026-08-13,MGNT,35,0.14970930988073847,1754.0,MGNT,1729.0,0,18.0,6.0,25.0,12.0,167.1095238095238,,,1751.8862109508934,0,1754.0,
2026-08-13,MGNT,126,0.14061845452949331,1815.0,MGNT,1729.0,0,18.0,6.0,25.0,12.0,167.1095238095238,,,1812.8181346688618,0,1815.0,
2026-08-13,MTSI,35,0.15218091792877214,19259.0,MTSS,189.8,0,8.0,7.0,11.0,10.0,18.617272727272727,,,19231.23209013763,0,192.59,
2026-08-13,MTSI,126,0.11725279640974892,19764.0,MTSS,189.8,0,8.0,7.0,11.0,10.0,18.617272727272727,59.0,18.209126515601326,19900.108846740888,0,197.64,0.137134
2026-08-13,MVID,35,-0.23488766438529407,439.0,MVID,44.9,0,14.0,12.0,28.0,6.0,28.54625,,,454.9432670427711,0,43.9,
2026-08-13,MVID,126,-0.15232533839367146,426.0,MVID,44.9,0,14.0,12.0,28.0,6.0,28.54625,123.0,27.25707988102449,470.76653699613587,0,42.6,0.137134
2026-08-13,BELUGA,35,0.10406358623463252,282.0,BELU,279.2,0,13.0,10.0,16.0,6.0,108.3,,,282.8956796399592,0,282.0,
2026-08-13,BELUGA,126,0.008288490337910723,280.0,BELU,279.2,0,13.0,10.0,16.0,6.0,108.3,61.0,105.8461758667801,292.73500474236334,0,280.0,0.137134
2026-08-13,NLMK,35,0.1459365680565386,7340.0,NLMK,72.38,0,15.0,6.0,10.0,10.0,5.007096774193548,,,7333.807053130461,0,73.4,
2026-08-13,NLMK,126,0.1364153642321534,7587.0,NLMK,72.38,0,15.0,6.0,10.0,10.0,5.007096774193548,58.0,4.899166579218011,7588.882393714992,0,75.87,0.137134
2026-08-13,NOTKM,35,0.1527116010365091,10181.0,NVTK,1003.3,0,10.0,10.0,4.0,5.0,22.863200000000003,,,10165.803559554837,0,1018.1,
2026-08-13,NOTKM,126,0.12872002250464873,10255.0,NVTK,1003.3,0,10.0,10.0,4.0,5.0,22.863200000000003,58.0,22.37037356882679,10519.377874570671,1,1025.5,0.137134
2026-08-13,OZON,35,0.14887694990502945,3210.0,OZON,3164.5,0,22.0,12.0,26.0,5.0,106.775,,,3206.387457810354,0,3210.0,
2026-08-13,OZON,126,0.13022135172101731,3310.0,OZON,3164.5,0,22.0,12.0,26.0,5.0,106.775,,,3317.90803190261,0,3310.0,
2026-08-13,PHOR,35,0.15913217330180432,5613.0,PHOR,5528.0,0,10.0,6.0,12.0,7.0,113.2452380952381,,,5601.172339003204,0,5613.0,
2026-08-13,PHOR,126,0.11758335728834027,5757.0,PHOR,5528.0,0,10.0,6.0,12.0,7.0,113.2452380952381,,,5795.985337449085,0,5757.0,
2026-08-13,PIKK,35,-0.313093694208046,5545.0,PIKK,571.4,0,21.0,5.0,20.0,10.0,19.62,,,5789.634360539852,0,554.5,
2026-08-13,POSI,35,0.14786379011230685,966.0,POSI,952.4,0,18.0,5.0,16.0,4.0,24.38222222222222,,,965.0066092016374,0,966.0,
2026-08-13,POSI,126,0.12384534600008888,994.0,POSI,952.4,0,18.0,5.0,16.0,4.0,24.38222222222222,,,998.5702668933626,0,994.0,
2026-08-13,PLZLM,35,0.14699874220410464,12217.0,PLZL,1204.6,0,13.0,10.0,14.0,7.0,37.125,,,12205.448986185345,0,1221.7,
2026-08-13,PLZLM,126,0.1389766286615319,12638.0,PLZL,1204.6,0,13.0,10.0,14.0,7.0,37.125,61.0,36.283834524969635,12629.963707473169,0,1263.8,0.137134
2026-08-13,RASP,35,-0.012835166455384234,1218.0,RASP,121.95,0,11.0,10.0,4.0,6.0,10.788333333333334,,,1235.6421250749652,0,121.8,
2026-08-13,RASP,126,0.05994861748915896,1245.0,RASP,121.95,0,11.0,10.0,4.0,6.0,10.788333333333334,59.0,10.551820851362871,1278.618690126476,0,124.5,0.137134
2026-08-13,RENI,35,0.12430229097025602,7849.0,RENI,77.56,0,10.0,7.0,20.0,12.0,4.82,,,7858.66365074328,0,78.49,
2026-08-13,RENI,126,0.13820465238942384,8135.0,RENI,77.56,0,10.0,7.0,20.0,12.0,4.82,,,8131.993899648174,0,81.35,
2026-08-13,RUAL,35,0.14778935107729285,2736.0,RUAL,26.975,0,23.0,10.0,18.0,9.0,1.5084831975,,,2733.2059306188753,0,27.36,
2026-08-13,RUAL,126,0.12659704995327414,2818.0,RUAL,26.975,0,23.0,10.0,18.0,9.0,1.5084831975,71.0,1.468775793348356,2828.268894314202,0,28.18,0.137134
2026-08-13,ROSN,217,0.09813855131433731,35306.0,ROSN,333.05,0,21.0,6.0,10.0,7.0,15.252857142857144,,,36092.40849774828,0,353.06,
2026-08-13,ROSN,308,0.12439283422338286,36991.0,ROSN,333.05,0,21.0,6.0,10.0,7.0,15.252857142857144,,,37338.576317321924,0,369.91,
2026-08-13,ROSN,35,0.1618743890185212,33826.0,ROSN,333.05,0,21.0,6.0,10.0,7.0,15.252857142857144,,,33745.847458484386,0,338.26,
2026-08-13,ROSN,126,0.14222694598898097,34981.0,ROSN,333.05,0,21.0,6.0,10.0,7.0,15.252857142857144,,,34919.55348475792,0,349.81,
2026-08-13,RTKMP,35,0.14775913440095703,4478.0,RTKMP,44.15,0,9.0,7.0,16.0,8.0,4.663571428571428,3.0,4.65831794428956,4473.439919808095,0,44.78,0.137134
2026-08-13,RTKMP,126,0.1295961742552298,4617.0,RTKMP,44.15,0,9.0,7.0,16.0,8.0,4.663571428571428,3.0,4.65831794428956,4629.029534160222,0,46.17,0.137134
2026-08-13,RTKM,35,0.1706442936461198,4313.0,RTKM,42.43,0,9.0,7.0,16.0,8.0,4.236428571428571,3.0,4.231656260925314,4299.163211720441,0,43.13,0.137134
2026-08-13,RTKM,126,0.13928767083718555,4452.0,RTKM,42.43,0,9.0,7.0,16.0,8.0,4.236428571428571,3.0,4.231656260925314,4448.69135072295,0,44.52,0.137134
2026-08-13,RNFT,35,0.1550514947374318,847.0,RNFT,83.45,0,,,,,,,,845.5460052276001,0,84.7,
2026-08-13,RNFT,126,0.10398665712655668,865.0,RNFT,83.45,0,,,,,,,,874.9547330139764,0,86.5,
2026-08-13,SOFL,35,0.1521904313878557,566.0,SOFL,55.78,0,9.0,7.0,,,0.18,,,565.1834172749615,0,56.6,
2026-08-13,SOFL,126,0.14286944246049793,586.0,SOFL,55.78,0,9.0,7.0,,,0.18,,,584.8409227983176,0,58.6,
2026-08-13,SBERF,26804,1.701472720015993e-05,280.29,SBER,279.94,0,14.0,6.0,16.0,7.0,17.316666666666666,305.0,15.46320693932876,32323479.19612744,0,280.29,0.13547599999999999
2026-08-13,SVCB,35,0.1804990113845164,1049.0,SVCB,10.31,0,10.0,7.0,13.0,11.0,0.5225,,,1044.6470118509956,0,10.49,
2026-08-13,SVCB,126,0.15055385725457182,1086.0,SVCB,10.31,0,10.0,7.0,13.0,11.0,0.5225,92.0,0.5047482053414672,1080.9806228129535,0,10.86,0.137134
2026-08-13,SPBE,35,0.1564520911368008,1276.0,SPBE,125.7,0,,,,,,,,1273.6385003847734,0,127.6,
2026-08-13,SPBE,126,0.13947039370142453,1319.0,SPBE,125.7,0,,,,,,,,1317.936608027044,0,131.9,
2026-08-13,SNGP,35,0.13939339901525033,43984.0,SNGSP,43.4,0,17.0,7.0,,,4.765384615384615,,,43974.47169188477,0,43.984,
2026-08-13,SNGP,126,0.13624662201251625,45490.0,SNGSP,43.4,0,17.0,7.0,,,4.765384615384615,,,45503.93698359086,0,45.49,
2026-08-13,SFIN,35,-0.2568919299744347,577.4,SFIN,591.8,0,,,,,,,,599.633464222521,0,577.4,
2026-08-13,SFIN,126,-0.14349116126691192,563.2,SFIN,591.8,0,,,,,,,,620.4891683614993,0,563.2,
2026-08-13,SNGR,35,0.12370929680240803,16960.0,SNGS,16.76,0,17.0,7.0,,,0.7153846153846154,,,16981.84667179698,0,16.96,
2026-08-13,SNGR,126,0.12846838504621066,17520.0,SNGS,16.76,0,17.0,7.0,,,0.7153846153846154,,,17572.488107027257,0,17.52,
2026-08-13,SIBN,35,0.15427796115261938,4903.0,SIBN,483.1,0,24.0,6.0,28.0,12.0,20.4925,,,4894.946376578235,0,490.3,
2026-08-13,SIBN,126,0.04108196534661594,4900.0,SIBN,483.1,0,24.0,6.0,28.0,12.0,20.4925,,,5065.196303403858,0,490.0,
2026-08-13,SBPR,217,0.13424218619070122,30401.0,SBERP,280.69,0,14.0,6.0,16.0,7.0,17.316666666666666,,,30418.18988510123,0,304.01,
2026-08-13,SBPR,308,0.13210287961011588,31379.0,SBERP,280.69,0,14.0,6.0,16.0,7.0,17.316666666666666,305.0,15.46320693932876,31468.44313619303,0,313.79,0.13547599999999999
2026-08-13,SBPR,35,0.156718217475781,28494.0,SBERP,280.69,0,14.0,6.0,16.0,7.0,17.316666666666666,,,28440.540228560225,0,284.94,
2026-08-13,SBPR,126,0.14011262681785408,29460.0,SBERP,280.69,0,14.0,6.0,16.0,7.0,17.316666666666666,,,29429.723668027924,0,294.6,
2026-08-13,SBRF,217,0.1391298088423967,30408.0,SBER,279.94,0,14.0,6.0,16.0,7.0,17.316666666666666,,,30336.91288052741,0,304.08,
2026-08-13,SBRF,308,0.12853207659471394,31201.0,SBER,279.94,0,14.0,6.0,16.0,7.0,17.316666666666666,305.0,15.46320693932876,31384.359868701693,0,312.01,0.13547599999999999
2026-08-13,SBRF,35,0.15273051835490936,28407.0,SBER,279.94,0,14.0,6.0,16.0,7.0,17.316666666666666,,,28364.547477940607,0,284.07,
2026-08-13,SBRF,126,0.13909857849683063,29371.0,SBER,279.94,0,14.0,6.0,16.0,7.0,17.316666666666666,,,29351.08783222679,0,293.71,
2026-08-13,SMLT,35,0.052803006118272044,396.0,SMLT,394.0,0,8.0,7.0,12.0,10.0,41.0,,,399.21524992171896,0,396.0,
2026-08-13,SMLT,126,0.07260594096884064,404.0,SMLT,394.0,0,8.0,7.0,12.0,10.0,41.0,60.0,40.08609400941448,413.10025740863597,0,404.0,0.137134
2026-08-13,SGZH,35,-0.30782276937874886,701.0,SGZH,0.722,0,30.0,12.0,1.0,6.0,0.53,,,731.5568792981752,0,0.701,
2026-08-13,SGZH,126,-0.23387655514793262,666.0,SGZH,0.722,0,30.0,12.0,1.0,6.0,0.53,,,757.000979312272,0,0.666,
2026-08-13,T,35,0.15604894306834552,2774.0,T,273.28,0,20.0,5.0,25.0,11.0,4.564285714285714,,,2768.973185243841,0,277.4,
2026-08-13,T,126,0.14114145468754855,2821.0,T,273.28,1,20.0,5.0,25.0,11.0,4.7,60.0,4.59523516693288,2865.2801610312695,1,282.1,0.137134
2026-08-13,TRNF,35,0.159247940448779,1069.0,TRNFP,1052.8,0,18.0,7.0,19.0,10.0,101.52142857142857,,,1066.7355713644306,0,1069.0,
2026-08-13,TRNF,126,0.14280370517141242,1106.0,TRNFP,1052.8,0,18.0,7.0,19.0,10.0,101.52142857142857,67.0,98.99777277546059,1103.837439085817,0,1106.0,0.137134
2026-08-13,TATP,35,0.16064869303343018,5495.0,TATNP,541.1,0,9.0,7.0,11.0,10.0,20.54241379310345,,,5482.623648036602,0,549.5,
2026-08-13,TATP,126,0.10103405210483486,5395.0,TATNP,541.1,0,9.0,7.0,11.0,10.0,20.54241379310345,59.0,20.092062740558617,5673.313433599313,1,539.5,0.137134
2026-08-13,TATN,35,0.14618428410479184,56466.0,TATN,556.8,0,9.0,7.0,11.0,10.0,21.240357142857142,,,56417.01806000332,0,564.66,
2026-08-13,TATN,126,0.11560870107024326,55785.0,TATN,556.8,0,9.0,7.0,11.0,10.0,21.240357142857142,59.0,20.774705087940145,58379.24449876357,1,557.85,0.137134
2026-08-13,UPRO,35,0.16103919005815243,10572.0,UPRO,1.041,0,3.0,7.0,16.0,12.0,0.13626875,,,10547.793786002778,0,1.0572,
2026-08-13,UPRO,126,0.11992334949405384,10850.0,UPRO,1.041,0,3.0,7.0,16.0,12.0,0.13626875,125.0,0.13001701677054067,10914.654009197715,0,1.085,0.137134
2026-08-13,VTBR,35,0.1536772467110071,5674.0,VTBR,55.91,0,10.0,7.0,17.0,6.0,8.386090909090909,,,5665.006249523682,0,56.74,
2026-08-13,VTBR,126,0.1420520014501012,5872.0,VTBR,55.91,0,10.0,7.0,17.0,6.0,8.386090909090909,,,5862.039439522039,0,58.72,
2026-08-13,VKCO,35,0.14279114068540336,1581.0,VKCO,155.95,0,,,,,,,,1580.1425945505598,0,158.1,
2026-08-13,VKCO,126,0.14049615145235017,1637.0,VKCO,155.95,0,,,,,,,,1635.1011457582936,0,163.7,
2026-08-13,WUSH,35,0.1679673584666943,532.0,WUSH,52.35,0,5.0,12.0,,,6.18,,,530.4293993249236,0,53.2,
2026-08-13,WUSH,126,0.11659364276760473,545.0,WUSH,52.35,0,5.0,12.0,,,6.18,114.0,5.920893569615438,548.8781338919313,0,54.5,0.137134
2026-08-13,X5,35,0.15420539222482613,2112.0,X5,2081.0,0,8.0,7.0,5.0,1.0,420.3333333333333,,,2108.545520525627,0,2112.0,
2026-08-13,X5,126,0.14127029852905118,2185.0,X5,2081.0,0,8.0,7.0,5.0,1.0,420.3333333333333,,,2181.8823240288616,0,2185.0,
2026-08-13,YDEX,35,0.15115088651853523,3996.0,YDEX,3938.5,0,23.0,9.0,28.0,4.0,92.0,,,3990.632644204797,0,3996.0,
2026-08-13,YDEX,126,0.14090073030956468,4021.0,YDEX,3938.5,1,23.0,9.0,28.0,4.0,110.0,39.0,108.39995694507516,4129.429857370336,1,4021.0,0.137134
2026-08-13,ASML,0,,1829.8,,1829.8,0,,,,,,,,,0,,
2026-08-13,ASML,91,0.04034905111832904,1848.3,,1829.8,0,,,,,,,,,0,,
2026-08-13,SAP,0,,205.85,,205.85,0,,,,,,,,,0,,
2026-08-13,SAP,91,0.038009946787352,207.81,,205.85,0,,,,,,,,,0,,
2026-08-13,ALIBABA,0,,125.81,BABA-RM,125.81,0,,,,,,,,,0,,
2026-08-13,ALIBABA,91,0.10198779381953778,129.05,BABA-RM,125.81,0,,,,,,,,,0,,
2026-08-13,BAIDU,0,,106.77,BIDU-RM,106.77,0,,,,,,,,,0,,
2026-08-13,BAIDU,91,0.14643368098552392,110.74,BIDU-RM,106.77,0,,,,,,,,,0,,
2026-08-13,PDD,0,,89.46,,89.46,0,,,,,,,,,0,,
2026-08-13,PDD,91,0.2274679464175234,94.68,,89.46,0,,,,,,,,,0,,
2026-08-13,HYNIX,0,,1144.2,,1144.2,0,,,,,,,,,0,,
2026-08-13,HYNIX,91,0.17591718514661653,1195.5,,1144.2,0,,,,,,,,,0,,
2026-08-13,JDCOM,0,,31.6,,31.6,0,,,,,,,,,0,,
2026-08-13,JDCOM,91,0.11757404546460679,32.54,,31.6,0,,,,,,,,,0,,
2026-08-13,NASD,182,0.003977217680516183,29780.0,,29721.0,0,,,,,,,,,0,,
2026-08-13,NASD,273,0.011466821679541246,29977.0,,29721.0,0,,,,,,,,,0,,
2026-08-13,NASD,0,,29721.0,,29721.0,0,,,,,,,,,0,,
2026-08-13,NASD,91,0.01132020631542596,29805.0,,29721.0,0,,,,,,,,,0,,
2026-08-13,NOVARTIS,0,,153.44,,153.44,0,,,,,,,,,0,,
2026-08-13,NOVARTIS,91,0.07612589032804985,156.38,,153.44,0,,,,,,,,,0,,
2026-08-13,SPYF,182,0.007911639157999731,777.2,SPYF,774.14,0,,,,,,,,,0,,
2026-08-13,SPYF,273,0.0073543380293056276,778.41,SPYF,774.14,0,,,,,,,,,0,,
2026-08-13,SPYF,0,,774.14,SPYF,774.14,0,,,,,,,,,0,,
2026-08-13,SPYF,91,0.009522131507777422,775.98,SPYF,774.14,0,,,,,,,,,0,,
2026-08-13,SAMSUNG,0,,185.4,,185.4,0,,,,,,,,,0,,
2026-08-13,SAMSUNG,91,0.04346481995419578,187.42,,185.4,0,,,,,,,,,0,,
2026-08-13,SONY,0,,23.46,,23.46,0,,,,,,,,,0,,
2026-08-13,SONY,91,0.039131910495143946,23.69,,23.46,0,,,,,,,,,0,,
2026-08-13,TENCENT,0,,436.3,,436.3,0,,,,,,,,,0,,
2026-08-13,TENCENT,91,0.08189690387147128,445.3,,436.3,0,,,,,,,,,0,,
2026-08-13,TOYOTA,0,,189.3,,189.3,0,,,,,,,,,0,,
2026-08-13,TOYOTA,91,0.05471528408140243,191.9,,189.3,0,,,,,,,,,0,,
2026-08-13,TSM,0,,432.7,,432.7,0,,,,,,,,,0,,
2026-08-13,TSM,91,0.16080628353894683,450.4,,432.7,0,,,,,,,,,0,,
2026-08-13,XIA,0,,25.93,,25.93,0,,,,,,,,,0,,
2026-08-13,XIA,91,0.15773028818009785,26.97,,25.93,0,,,,,,,,,0,,
2026-08-13,BTC,15,0.21987369339279653,64013.0,MOEXBTC,63437.19,0,,,,,,,,,0,64013.0,
2026-08-13,BTC,43,0.12970842247290232,64414.0,MOEXBTC,63437.19,0,,,,,,,,,0,64414.0,
2026-08-13,BTC,78,0.10841001883500312,64924.0,MOEXBTC,63437.19,0,,,,,,,,,0,64924.0,
2026-08-13,CNI,35,-0.16917254768401724,5560.0,MOEXCN,5650.93,0,,,,,,,,,0,5560.0,
2026-08-13,CNI,126,0.018431732172635235,5687.0,MOEXCN,5650.93,0,,,,,,,,,0,5687.0,
2026-08-13,ETH,15,0.01850560961236885,1894.2,MOEXETH,1892.76,0,,,,,,,,,0,1894.2,
2026-08-13,ETH,43,0.032406948290915415,1900.0,MOEXETH,1892.76,0,,,,,,,,,0,1900.0,
2026-08-13,ETH,78,0.07246796323169956,1922.3,MOEXETH,1892.76,0,,,,,,,,,0,1922.3,
2026-08-13,FNI,35,0.024768788215552024,8886.0,MOEXFN,8864.92,0,,,,,,,,,0,8886.0,
2026-08-13,FNI,126,0.09675127668069883,9166.0,MOEXFN,8864.92,0,,,,,,,,,0,9166.0,
2026-08-13,IMOEX,26804,-0.00028961433766388844,2253.0,IMOEX,2301.43,0,,,,,,,,,0,2253.0,
2026-08-13,IPO,35,-0.03925905260753016,490.5,MIPO,492.35,0,,,,,,,,,0,490.5,
2026-08-13,IPO,126,0.14431891268004196,517.5,MIPO,492.35,0,,,,,,,,,0,517.5,
2026-08-13,MMI,35,-0.21094178712112904,4547.0,MOEXMM,4639.91,0,,,,,,,,,0,4547.0,
2026-08-13,MMI,126,-0.0886937622503834,4500.0,MOEXMM,4639.91,0,,,,,,,,,0,4500.0,
2026-08-13,MXI,217,0.06633065653699594,2394.0,IMOEX,2301.43,0,,,,,,,,,0,2394.0,
2026-08-13,MXI,581,0.08739990503620186,2644.95,IMOEX,2301.43,0,,,,,,,,,0,2644.95,
2026-08-13,MXI,308,0.08040600438144234,2463.0,IMOEX,2301.43,0,,,,,,,,,0,2463.0,
2026-08-13,MXI,672,0.08963240102529937,2714.35,IMOEX,2301.43,0,,,,,,,,,0,2714.35,
2026-08-13,MXI,35,-0.09116009793645714,2281.4,IMOEX,2301.43,0,,,,,,,,,0,2281.4,
2026-08-13,MXI,399,0.08589649049586709,2528.0,IMOEX,2301.43,0,,,,,,,,,0,2528.0,
2026-08-13,MXI,126,0.037542053995230085,2331.45,IMOEX,2301.43,0,,,,,,,,,0,2331.45,
2026-08-13,MXI,490,0.09604512613982402,2618.15,IMOEX,2301.43,0,,,,,,,,,0,2618.15,
2026-08-13,MOEXCNY,35,-0.29450739279860744,838.6,IMOEXCNY,862.62,0,,,,,,,,,0,838.6,
2026-08-13,MOEXCNY,126,-0.04746835687643686,848.6,IMOEXCNY,862.62,0,,,,,,,,,0,848.6,
2026-08-13,OGI,35,-0.07612028890990367,6017.0,MOEXOG,6061.08,0,,,,,,,,,0,6017.0,
2026-08-13,OGI,126,0.10186239352712759,6278.0,MOEXOG,6061.08,0,,,,,,,,,0,6278.0,
2026-08-13,QQQF,26804,2.1635035287643855e-05,724.4,FIXQQQ,723.25,0,,,,,,,,,0,724.4,
2026-08-13,RGBIF,26804,-8.036659300156624e-05,114.88,RGBILP,115.56,0,,,,,,,,,0,114.88,
2026-08-13,RTSM,35,-0.2785118303574691,850.5,RTSI,873.52,0,,,,,,,,,0,850.5,
2026-08-13,RTSM,126,-0.08247794745221547,849.0,RTSI,873.52,0,,,,,,,,,0,849.0,
2026-08-13,SP500F,26804,3.329669016543702e-05,773.9,FIXSPY,772.01,0,,,,,,,,,0,773.9,
2026-08-13,RVI,7,0.043652457252611306,35.85,RVI,35.82,0,,,,,,,,,0,35.85,
2026-08-13,RVI,35,-0.2266210242990818,35.05,RVI,35.82,0,,,,,,,,,0,35.05,
2026-08-13,RVI,63,0.0048502730280679225,35.85,RVI,35.82,0,,,,,,,,,0,35.85,
2026-08-13,AFRICA,0,,68.1,,68.1,0,,,,,,,,,0,,
2026-08-13,AFRICA,91,0.029926324118422838,68.61,,68.1,0,,,,,,,,,0,,
2026-08-13,ARGT,0,,93.54,,93.54,0,,,,,,,,,0,,
2026-08-13,ARGT,91,0.029904199736491617,94.24,,93.54,0,,,,,,,,,0,,
2026-08-13,BRAZIL,0,,34.24,,34.24,0,,,,,,,,,0,,
2026-08-13,BRAZIL,91,0.038472213965900746,34.57,,34.24,0,,,,,,,,,0,,
2026-08-13,CHINA,0,,54.75,,54.75,0,,,,,,,,,0,,
2026-08-13,CHINA,91,0.02992472245493554,55.16,,54.75,0,,,,,,,,,0,,
2026-08-13,DJ30,0,,538.1,DJ30,538.1,0,,,,,,,,,0,,
2026-08-13,DJ30,91,0.0007453291874998149,538.2,DJ30,538.1,0,,,,,,,,,0,,
2026-08-13,DAX,0,,21759.0,DAX,21759.0,0,,,,,,,,,0,,
2026-08-13,DAX,91,-0.03573576456229806,21566.0,DAX,21759.0,0,,,,,,,,,0,,
2026-08-13,EM,0,,66.54,EEM-RM,66.54,0,,,,,,,,,0,,
2026-08-13,EM,91,0.06042472244829852,67.55,EEM-RM,66.54,0,,,,,,,,,0,,
2026-08-13,ETHA,0,,14.38,,14.38,0,,,,,,,,,0,,
2026-08-13,ETHA,91,0.15591896542291267,14.95,,14.38,0,,,,,,,,,0,,
2026-08-13,HOME,0,,39170.0,HOME,39170.0,0,,,,,,,,,0,,
2026-08-13,HOME,91,0.11407381610261057,40300.0,HOME,39170.0,0,,,,,,,,,0,,
2026-08-13,HANG,0,,26155.0,HANG,26155.0,0,,,,,,,,,0,,
2026-08-13,HANG,91,0.016833629867284594,26265.0,HANG,26155.0,0,,,,,,,,,0,,
2026-08-13,IBIT,0,,36.14,,36.14,0,,,,,,,,,0,,
2026-08-13,IBIT,91,0.13745827503942146,37.4,,36.14,0,,,,,,,,,0,,
2026-08-13,KOREA,0,,172.85,,172.85,0,,,,,,,,,0,,
2026-08-13,KOREA,91,0.12563919873189489,178.35,,172.85,0,,,,,,,,,0,,
2026-08-13,MIX,182,0.09128685807580911,238775.0,MIX,228150.0,0,,,,,,,,,0,,
2026-08-13,MIX,546,0.11942316820737928,272775.0,MIX,228150.0,0,,,,,,,,,0,,
2026-08-13,MIX,273,0.09799332801950449,245500.0,MIX,228150.0,0,,,,,,,,,0,,
2026-08-13,MIX,637,0.11667675225470588,279675.0,MIX,228150.0,0,,,,,,,,,0,,
2026-08-13,MIX,0,,228150.0,MIX,228150.0,0,,,,,,,,,0,,
2026-08-13,MIX,364,0.0917088676605075,250000.0,MIX,228150.0,0,,,,,,,,,0,,
2026-08-13,MIX,91,0.08480208076308071,233025.0,MIX,228150.0,0,,,,,,,,,0,,
2026-08-13,MIX,455,0.10844701378639224,261175.0,MIX,228150.0,0,,,,,,,,,0,,
2026-08-13,NIKK,0,,70589.0,NIKK,70589.0,0,,,,,,,,,0,,
2026-08-13,NIKK,91,-0.05440477270732502,69638.0,NIKK,70589.0,0,,,,,,,,,0,,
2026-08-13,INDIA,0,,9.016,MTUM-RM,9.016,0,,,,,,,,,0,,
2026-08-13,INDIA,91,0.08016078811861331,9.198,MTUM-RM,9.016,0,,,,,,,,,0,,
2026-08-13,R2000,0,,302.8,R2000,302.8,0,,,,,,,,,0,,
2026-08-13,R2000,91,0.027721278431693332,304.9,R2000,302.8,0,,,,,,,,,0,,
2026-08-13,RUONIA,181,0.13553483742849987,4.7845,,4.4735,0,,,,,,,,,0,,
2026-08-13,RUONIA,273,0.13294706075596338,4.9412,,4.4735,0,,,,,,,,,0,,
2026-08-13,RUONIA,0,,4.4735,,4.4735,0,,,,,,,,,0,,
2026-08-13,RUONIA,91,0.1367079285015112,4.6286,,4.4735,0,,,,,,,,,0,,
2026-08-13,SOL,0,,76.39,,76.39,0,,,,,,,,,0,,
2026-08-13,SOL,28,0.1493108679700645,77.27,,76.39,0,,,,,,,,,0,,
2026-08-13,SOL,63,0.26317401335582236,79.94,,76.39,0,,,,,,,,,0,,
2026-08-13,SAUDI,0,,38.41,,38.41,0,,,,,,,,,0,,
2026-08-13,SAUDI,91,0.03016968738947066,38.7,,38.41,0,,,,,,,,,0,,
2026-08-13,SOXQ,0,,97.23,,97.23,0,,,,,,,,,0,,
2026-08-13,SOXQ,91,0.06668430495489358,98.86,,97.23,0,,,,,,,,,0,,
2026-08-13,STOX,0,,6655.1,CSX5-RM,6655.1,0,,,,,,,,,0,,
2026-08-13,STOX,91,-0.07071299677888417,6538.8,CSX5-RM,6655.1,0,,,,,,,,,0,,
2026-08-13,TLT,0,,82.52,,82.52,0,,,,,,,,,0,,
2026-08-13,TLT,91,-0.005836996922891417,82.4,,82.52,0,,,,,,,,,0,,
2026-08-13,TRX,0,,0.335,,0.335,0,,,,,,,,,0,,
2026-08-13,TRX,28,0.08146135719486504,0.3371,,0.335,0,,,,,,,,,0,,
2026-08-13,TRX,63,0.03448611845179053,0.337,,0.335,0,,,,,,,,,0,,
2026-08-13,XRP,0,,1.0215,,1.0215,0,,,,,,,,,0,,
2026-08-13,XRP,28,0.08395395361476997,1.0281,,1.0215,0,,,,,,,,,0,,
2026-08-13,XRP,63,0.04181935429034909,1.0289,,1.0215,0,,,,,,,,,0,,
2026-08-13,RGBI,181,0.020531307731829665,11649.0,RGBI,11531.0,0,,,,,,,,,0,,
2026-08-13,RGBI,273,0.01911014038846399,11697.0,RGBI,11531.0,0,,,,,,,,,0,,
2026-08-13,RGBI,0,,11531.0,RGBI,11531.0,0,,,,,,,,,0,,
2026-08-13,RGBI,91,0.024966900773589953,11603.0,RGBI,11531.0,0,,,,,,,,,0,,
2026-08-13,RTS,182,0.008468962989796705,85430.0,RTSI,85070.0,0,,,,,,,,,0,,
2026-08-13,RTS,273,0.026300374448246965,86760.0,RTSI,85070.0,0,,,,,,,,,0,,
2026-08-13,RTS,0,,85070.0,RTSI,85070.0,0,,,,,,,,,0,,
2026-08-13,RTS,91,-0.00047152048617050816,85060.0,RTSI,85070.0,0,,,,,,,,,0,,
2026-08-13,AED,0,,23.007,AED,23.007,0,,,,,,,,,0,,
2026-08-13,AED,91,0.07957510844687068,23.468,AED,23.007,0,,,,,,,,,0,,
2026-08-13,AMD,0,,22.482,AMDRUB_TOM,22.482,0,,,,,,,,,0,,
2026-08-13,AMD,91,-0.006963989347781385,22.443,AMDRUB_TOM,22.482,0,,,,,,,,,0,,
2026-08-13,AUDU,0,,0.7046,AUDU,0.7046,0,,,,,,,,,0,,
2026-08-13,AUDU,91,0.006825280735404371,0.7058,AUDU,0.7046,0,,,,,,,,,0,,
2026-08-13,BYN,0,,28.37,BYNRUB_TOM,28.37,0,,,,,,,,,0,,
2026-08-13,BYN,91,0.09776571427207648,29.07,BYNRUB_TOM,28.37,0,,,,,,,,,0,,
2026-08-13,UCAD,0,,1.3914,UCAD,1.3914,0,,,,,,,,,0,,
2026-08-13,UCAD,91,0.000864716832278285,1.3917,UCAD,1.3914,0,,,,,,,,,0,,
2026-08-13,UCHF,0,,0.8108,UCHF,0.8108,0,,,,,,,,,0,,
2026-08-13,UCHF,91,-0.016358255061287363,0.8075,UCHF,0.8108,0,,,,,,,,,0,,
2026-08-13,CNYRUBTOM,0,,12.449,CNYRUB_TOM,12.449,0,,,,,,,,,0,,
2026-08-13,CNY,182,0.06609962173067975,12.985,CNYRUB_TOM,12.564,0,,,,,,,,,0,,
2026-08-13,CNY,273,0.063589432555358,13.176,CNYRUB_TOM,12.564,0,,,,,,,,,0,,
2026-08-13,CNY,0,,12.564,CNYRUB_TOM,12.564,0,,,,,,,,,0,,
2026-08-13,CNY,364,0.06825617538524563,13.449,CNYRUB_TOM,12.564,0,,,,,,,,,0,,
2026-08-13,CNY,91,0.06617324209063123,12.773,CNYRUB_TOM,12.564,0,,,,,,,,,0,,
2026-08-13,CNY,455,0.06943844323637989,13.7,CNYRUB_TOM,12.564,0,,,,,,,,,0,,
2026-08-13,ECAD,0,,1.6218,ECAD,1.6218,0,,,,,,,,,0,,
2026-08-13,ECAD,91,0.009140310881633652,1.6255,ECAD,1.6218,0,,,,,,,,,0,,
2026-08-13,ED,182,-0.004185017441809662,1.1489,ED,1.1513,0,,,,,,,,,0,,
2026-08-13,ED,273,0.001160788696805262,1.1523,ED,1.1513,0,,,,,,,,,0,,
2026-08-13,ED,0,,1.1513,ED,1.1513,0,,,,,,,,,0,,
2026-08-13,ED,91,-0.002090871816759426,1.1507,ED,1.1513,0,,,,,,,,,0,,
2026-08-13,EGBP,0,,0.9078,EGBP,0.9078,0,,,,,,,,,0,,
2026-08-13,EGBP,91,0.00970863695949071,0.91,EGBP,0.9078,0,,,,,,,,,0,,
2026-08-13,EJPY,0,,180.92,EJPY,180.92,0,,,,,,,,,0,,
2026-08-13,EJPY,91,0.004652991502656291,181.13,EJPY,180.92,0,,,,,,,,,0,,
2026-08-13,EURM,0,,97.43,EUR_RUB__TOM,97.43,0,,,,,,,,,0,,
2026-08-13,EURM,91,0.05235177749757695,98.71,EUR_RUB__TOM,97.43,0,,,,,,,,,0,,
2026-08-13,Eu,182,0.07567047918885458,101138.0,EUR_RUB__TOM,97393.0,0,,,,,,,,,0,,
2026-08-13,Eu,273,0.07452633091153957,102976.0,EUR_RUB__TOM,97393.0,0,,,,,,,,,0,,
2026-08-13,EURRUBTOM,0,,96.84,EUR_RUB__TOM,96.84,0,,,,,,,,,0,,
2026-08-13,Eu,0,,97393.0,EUR_RUB__TOM,97393.0,0,,,,,,,,,0,,
2026-08-13,Eu,91,0.0598846176951074,98858.0,EUR_RUB__TOM,97393.0,0,,,,,,,,,0,,
2026-08-13,GBPU,0,,1.3437,GBPU,1.3437,0,,,,,,,,,0,,
2026-08-13,GBPU,91,-0.0008956099202085426,1.3434,GBPU,1.3437,0,,,,,,,,,0,,
2026-08-13,HKD,0,,10.809,HKDRUB_TOM,10.809,0,,,,,,,,,0,,
2026-08-13,HKD,91,0.09787408768403438,11.076,HKDRUB_TOM,10.809,0,,,,,,,,,0,,
2026-08-13,INR,0,,0.8822,INR,0.8822,0,,,,,,,,,0,,
2026-08-13,INR,91,0.06270469857205609,0.8961,INR,0.8822,0,,,,,,,,,0,,
2026-08-13,UINR,0,,95.7975,,95.7975,0,,,,,,,,,0,,
2026-08-13,UINR,91,0.034394410255967116,96.6225,,95.7975,0,,,,,,,,,0,,
2026-08-13,UJPY,0,,159.57,UJPY,159.57,0,,,,,,,,,0,,
2026-08-13,UJPY,91,-0.005030400121314778,159.37,UJPY,159.57,0,,,,,,,,,0,,
2026-08-13,KZT,0,,17.9,KZTRUB_TOM,17.9,0,,,,,,,,,0,,
2026-08-13,KZT,91,-0.041217252894168166,17.717,KZTRUB_TOM,17.9,0,,,,,,,,,0,,
2026-08-13,Si,182,0.07728125136340715,87906.0,USD000UTSTOM,84583.0,0,,,,,,,,,0,,
2026-08-13,Si,273,0.08070616986478993,89846.0,USD000UTSTOM,84583.0,0,,,,,,,,,0,,
2026-08-13,Si,0,,84583.0,USD000UTSTOM,84583.0,0,,,,,,,,,0,,
2026-08-13,Si,364,0.08811547461720841,92352.0,USD000UTSTOM,84583.0,0,,,,,,,,,0,,
2026-08-13,Si,91,0.06117802731749252,85883.0,USD000UTSTOM,84583.0,0,,,,,,,,,0,,
2026-08-13,Si,455,0.09003968384670841,94630.0,USD000UTSTOM,84583.0,0,,,,,,,,,0,,
2026-08-13,UTRY,0,,48.2473,UTRY,48.2473,0,,,,,,,,,0,,
2026-08-13,UTRY,91,0.09652813431364038,49.4225,UTRY,48.2473,0,,,,,,,,,0,,
2026-08-13,TRY,0,,1.684,TRYRUB_TOM,1.684,0,,,,,,,,,0,,
2026-08-13,TRY,91,-0.05757499351499293,1.66,TRYRUB_TOM,1.684,0,,,,,,,,,0,,
2026-08-13,UCNY,182,0.004463599673659247,6.747,UCNY,6.732,0,,,,,,,,,0,,
2026-08-13,UCNY,273,0.008907403612736012,6.777,UCNY,6.732,0,,,,,,,,,0,,
2026-08-13,UCNY,0,,6.732,UCNY,6.732,0,,,,,,,,,0,,
2026-08-13,UCNY,91,-0.005962523784182894,6.722,UCNY,6.732,0,,,,,,,,,0,,
2026-08-13,USDM,0,,84.6,USD000UTSTOM,84.6,0,,,,,,,,,0,,
2026-08-13,USDM,91,0.06816377424791618,86.05,USD000UTSTOM,84.6,0,,,,,,,,,0,,
2026-08-13,USDRUBTOM,0,,84.04,USD000UTSTOM,84.04,0,,,,,,,,,0,,
2026-08-13,UKZT,0,,499.3,UKZT,499.3,0,,,,,,,,,0,,
2026-08-13,UKZT,91,0.08819208023369252,510.4,UKZT,499.3,0,,,,,,,,,0,,
2026-08-13,1MFR,0,,83.58,RUSFAR,83.58,0,,,,,,,,,0,,
2026-08-13,1MFR,30,0.0,83.58,RUSFAR,83.58,0,,,,,,,,,0,,
2026-08-13,RUON,0,,86.28,RUONIA,86.28,0,,,,,,,,,0,,
2026-08-13,RUON,30,0.0,86.28,RUONIA,86.28,0,,,,,,,,,0,,
