SECID,BOARDID,BID,OFFER,SPREAD,OPEN,HIGH,LOW,LAST,QUANTITY,LASTCHANGE,SETTLEPRICE,SETTLETOPREVSETTLE,OPENPOSITION,NUMTRADES,VOLTODAY,VALTODAY,VALTODAY_USD,UPDATETIME,LASTCHANGEPRCNT,BIDDEPTH,BIDDEPTHT,NUMBIDS,OFFERDEPTH,OFFERDEPTHT,NUMOFFERS,TIME,SETTLETOPREVSETTLEPRC,SEQNUM,SYSTIME,TRADEDATE,LASTTOPREVPRICE,OICHANGE,OPENPERIODPRICE,SWAPRATE,TRADE_SESSION_DATE,LAST_RUB
92Q6,RFUD,73800,74310,510,0,0,0,0,0,0,74060,-80,108,0,0,0,0,15:54:02,0,,,,,,,15:54:02,-0.11,20260812160903,2026-08-12 16:09:03,,,0,0.00000,0.00000,2026-08-12,0
92U6,RFUD,74630,75500,870,0,0,0,0,0,0,75070,-60,130,0,0,0,0,15:54:02,0,,,,,,,15:54:02,-0.08,20260812160903,2026-08-12 16:09:03,,,0,0.00000,0.00000,2026-08-12,0
92V6,RFUD,74750,75850,1100,0,0,0,0,0,0,75300,1050,0,0,0,0,0,15:28:52,0,,,,,,,15:28:52,1.39,20260812160023,2026-08-12 16:00:23,,,0,0.00000,0.00000,2026-08-12,0
95Q6,RFUD,77030,77460,430,0,0,0,0,0,0,77250,-30,250,0,0,0,0,15:49:35,0,,,,,,,15:49:35,-0.04,20260812160436,2026-08-12 16:04:36,,,0,0.00000,0.00000,2026-08-12,0
95U6,RFUD,79000,79290,290,79690,79690,78740,78740,1,-950,79000,10,188,2,2,158430,1918,15:58:23,-1.19,,,,,,,14:40:37,0.01,20260812161324,2026-08-12 16:13:24,2026-08-12,-1.03,-2,0.00000,0.00000,2026-08-12,78740
95V6,RFUD,78200,79320,1120,0,0,0,0,0,0,78760,-360,0,0,0,0,0,15:58:23,0,,,,,,,15:58:23,-0.46,20260812161324,2026-08-12 16:13:24,,,0,0.00000,0.00000,2026-08-12,0
A2U6,RFUD,1839.5,1844.8,5.3,1816.5,1838.9,1816.5,1834.2,1,0.8,1839.3,38.2,470,4,5,75425,913,15:58:18,0.04,,,,,,,15:18:31,2.08,20260812161320,2026-08-12 16:13:20,2026-08-12,2.16,-2,0.00000,0.00000,2026-08-12,15109
A2Z6,RFUD,1853.5,1867.9,14.4,0,0,0,0,0,0,1860.5,47.6,134,0,0,0,0,15:58:18,0,,,,,,,15:58:18,2.56,20260812161320,2026-08-12 16:13:20,,,0,0.00000,0.00000,2026-08-12,0
AAU6,RFUD,67.3,69.89,2.59,67.26,67.26,67.26,67.26,6,0,69.89,-0.11,130,1,6,33243,402,15:57:58,0,,,,,,,10:58:19,-0.16,20260812161259,2026-08-12 16:12:59,2026-08-12,-0.52,0,0.00000,0.00000,2026-08-12,5540
AAZ6,RFUD,67.5,70.5,3,0,0,0,0,0,0,70.41,-0.11,50,0,0,0,0,15:54:40,0,,,,,,,15:54:40,-0.16,20260812160942,2026-08-12 16:09:42,,,0,0.00000,0.00000,2026-08-12,0
AEU6,RFUD,22.688,22.741,0.053,0,0,0,0,0,0,22.688,0.032,98,0,0,0,0,15:55:44,0,,,,,,,15:55:44,0.14,20260812161044,2026-08-12 16:10:44,,,0,0.00000,0.00000,2026-08-12,0
AEZ6,RFUD,22.664,23.05,0.386,0,0,0,0,0,0,23.05,-0.06,34,0,0,0,0,15:57:20,0,,,,,,,15:57:20,-0.26,20260812161222,2026-08-12 16:12:22,,,0,0.00000,0.00000,2026-08-12,0
AFU6,RFUD,3639,3640,1,3660,3671,3595,3639,1,6,3636,-26,131614,1885,11392,41375880,500882,15:58:32,0.17,,,,,,,15:58:11,-0.72,20260812161333,2026-08-12 16:13:33,2026-08-12,-0.76,-552,0.00000,0.00000,2026-08-12,3639
AFZ6,RFUD,3738,3740,2,3755,3771,3700,3739,1,3,3736,-20,7664,123,283,1056313,12787,15:58:26,0.08,,,,,,,15:58:11,-0.54,20260812161326,2026-08-12 16:13:26,2026-08-12,-0.29,46,0.00000,0.00000,2026-08-12,3739
AGU6,RFUD,92.58,97.19,4.61,94.95,94.95,94.3,94.3,2,-0.65,94.59,0,716,2,3,23357,283,15:58:29,-0.68,,,,,,,15:05:06,0,20260812161330,2026-08-12 16:13:30,2026-08-12,0,6,0.00000,0.00000,2026-08-12,7768
AGZ6,RFUD,93.44,98.1,4.66,96.06,96.06,96.06,96.06,1,0,95.3,0,40,1,1,7913,96,15:58:29,0,,,,,,,10:18:46,0,20260812161330,2026-08-12 16:13:30,2026-08-12,0,2,0.00000,0.00000,2026-08-12,7913
AKU6,RFUD,9356,9359,3,9498,9550,9303,9359,5,-6,9359,-127,73890,1510,5163,48560425,587856,15:58:32,-0.06,,,,,,,15:57:16,-1.36,20260812161333,2026-08-12 16:13:33,2026-08-12,-1.31,-1328,0.00000,0.00000,2026-08-12,9359
AKZ6,RFUD,9620,9632,12,9732,9782,9571,9613,1,17,9620,-155,4030,313,716,6940169,84015,15:58:32,0.18,,,,,,,15:11:40,-1.61,20260812161333,2026-08-12 16:13:33,2026-08-12,-1.33,-594,0.00000,0.00000,2026-08-12,9613
ALU6,RFUD,2187,2188,1,2271,2272,2166,2187,2,1,2187,-34,281060,6235,76161,168298930,2037369,15:58:30,0.05,,,,,,,15:58:11,-1.55,20260812161331,2026-08-12 16:13:31,2026-08-12,-3.49,318,0.00000,0.00000,2026-08-12,2187
ALZ6,RFUD,2262,2264,2,2330,2334,2247,2260,12,-2,2262,-37,30036,484,4020,9134634,110581,15:58:30,-0.09,,,,,,,15:57:43,-1.64,20260812161331,2026-08-12 16:13:31,2026-08-12,-3.42,2292,0.00000,0.00000,2026-08-12,2260
ANU6,RFUD,3338.5,3340.5,2,3394,3394,3300,3340.5,3,-1,3341,-37.5,74122,1855,10817,297542497,3601948,15:58:32,-0.03,,,,,,,15:58:25,-1.12,20260812161333,2026-08-12 16:13:33,2026-08-12,-1.71,1512,0.00000,0.00000,2026-08-12,27517
ANZ6,RFUD,3329,3330.5,1.5,3385,3385,3289,3322,1,-8,3329,-27,3538,164,415,11318899,137023,15:58:32,-0.24,,,,,,,15:45:27,-0.81,20260812161333,2026-08-12 16:13:33,2026-08-12,-1.53,54,0.00000,0.00000,2026-08-12,27365
APU6,RFUD,205.45,206.04,0.59,0,0,0,0,0,0,205.98,-3.73,6,0,0,0,0,15:58:27,0,,,,,,,15:58:27,-1.81,20260812161327,2026-08-12 16:13:27,,,0,0.00000,0.00000,2026-08-12,0
APZ6,RFUD,205.27,210.15,4.88,0,0,0,0,0,0,207.94,-3.74,2,0,0,0,0,15:58:27,0,,,,,,,15:58:27,-1.8,20260812161327,2026-08-12 16:13:27,,,0,0.00000,0.00000,2026-08-12,0
ARU6,RFUD,21.535,22.482,0.947,0,0,0,0,0,0,22.482,0.282,52,0,0,0,0,15:56:09,0,,,,,,,15:56:09,1.25,20260812161110,2026-08-12 16:11:10,,,0,0.00000,0.00000,2026-08-12,0
ARZ6,RFUD,23.116,23.897,0.781,23.926,23.926,23.926,23.926,4,0,23.897,0.669,38,1,4,95700,1159,15:58:31,0,,,,,,,08:56:15,2.8,20260812161332,2026-08-12 16:13:32,2026-08-12,3.07,0,0.00000,0.00000,2026-08-12,23926
ASU6,RFUD,224,225,1,228,229,221,225,10,1,225,-1,284458,1067,45581,10211233,123614,15:58:00,0.45,,,,,,,15:55:27,-0.44,20260812161301,2026-08-12 16:13:01,2026-08-12,-1.75,-18206,0.00000,0.00000,2026-08-12,225
ASZ6,RFUD,228,229,1,231,234,226,229,5,2,229,0,63028,85,2284,522508,6325,15:58:00,0.88,,,,,,,15:12:15,0,20260812161301,2026-08-12 16:13:01,2026-08-12,-1.72,1076,0.00000,0.00000,2026-08-12,229
AUU6,RFUD,0.7074,0.708,0.0006,0.705,0.705,0.705,0.705,1,0,0.7074,0.0016,226,1,1,58486,708,15:56:50,0,,,,,,,08:14:09,0.23,20260812161151,2026-08-12 16:11:51,2026-08-12,-0.11,0,0.00000,0.00000,2026-08-12,58074
AUZ6,RFUD,0.7027,0.7164,0.0137,0,0,0,0,0,0,0.7086,0.0016,0,0,0,0,0,15:56:51,0,,,,,,,15:56:51,0.23,20260812161152,2026-08-12 16:11:52,,,0,0.00000,0.00000,2026-08-12,0
BBU6,RFUD,126.92,127.24,0.32,126.17,132.5,125.1,126.69,1,0.08,126.9,-1.84,17742,595,8381,88225917,1068033,15:58:32,0.06,,,,,,,15:51:33,-1.45,20260812161333,2026-08-12 16:13:33,2026-08-12,-1.6,676,126.17000,0.00000,2026-08-12,10436
BBZ6,RFUD,129.71,130.16,0.45,129,134.23,128.65,129.54,6,-0.57,129.69,-2.22,882,57,169,1817005,21996,15:58:32,-0.44,,,,,,,13:52:32,-1.71,20260812161333,2026-08-12 16:13:33,2026-08-12,-1.87,0,0.00000,0.00000,2026-08-12,10671
BDU6,RFUD,105.89,106.26,0.37,106.48,106.48,105.55,105.94,3,-0.21,105.94,-1.22,16128,100,1949,17025104,206100,15:57:47,-0.2,,,,,,,15:40:21,-1.15,20260812161248,2026-08-12 16:12:48,2026-08-12,-2.79,2812,0.00000,0.00000,2026-08-12,8727
BDZ6,RFUD,109.33,109.72,0.39,109.61,109.84,109.06,109.5,1,0.24,109.5,-1.34,436,36,48,432884,5240,15:57:21,0.22,,,,,,,13:12:10,-1.22,20260812161223,2026-08-12 16:12:23,2026-08-12,-1.39,48,0.00000,0.00000,2026-08-12,9020
BMF7,RFUD,81.76,81.92,0.16,83.1,83.54,81.51,82.1,1,-0.03,81.92,-0.29,2436,75,184,1253635,15176,15:58:12,-0.04,,,,,,,14:58:34,-0.35,20260812161330,2026-08-12 16:13:30,2026-08-12,-0.36,104,0.00000,0.00000,2026-08-12,6763
BMG7,RFUD,81.6,81.77,0.17,80.53,83,80.53,81.73,1,-0.1,81.73,0.03,1052,45,61,413146,5001,15:58:12,-0.12,,,,,,,13:50:52,0.04,20260812161330,2026-08-12 16:13:30,2026-08-12,-0.54,-34,0.00000,0.00000,2026-08-12,6732
BMH7,RFUD,81.2,81.57,0.37,81.3,82.05,80.81,81.73,1,0.47,81.57,-0.09,340,15,15,100560,1217,15:53:52,0.58,,,,,,,14:23:05,-0.11,20260812161330,2026-08-12 16:13:30,2026-08-12,-1.05,2,0.00000,0.00000,2026-08-12,6732
BMU6,RFUD,88.72,88.73,0.01,90.05,90.3,88.25,88.72,1,-0.03,88.8,-0.18,112454,15625,111618,821404871,9943647,15:58:32,-0.03,,,,,,,15:58:32,-0.2,20260812161333,2026-08-12 16:13:33,2026-08-12,-0.72,3224,90.05000,0.00000,2026-08-12,7308
BMV6,RFUD,86.37,86.41,0.04,87.41,87.82,86.01,86.4,1,-0.04,86.49,-0.28,19466,2100,5469,39183107,474337,15:58:32,-0.05,,,,,,,15:58:32,-0.32,20260812161333,2026-08-12 16:13:33,2026-08-12,-0.71,-266,87.41000,0.00000,2026-08-12,7117
BMX6,RFUD,84.58,84.61,0.03,85.55,85.56,84.23,84.65,1,0.07,84.65,-0.34,15446,283,676,4736292,57336,15:58:32,0.08,,,,,,,15:55:09,-0.4,20260812161333,2026-08-12 16:13:33,2026-08-12,-0.6,130,0.00000,0.00000,2026-08-12,6973
BMZ6,RFUD,83.16,83.32,0.16,84.17,84.17,82.73,83.18,2,-0.06,83.18,-0.24,5886,178,363,2494718,30200,15:58:24,-0.07,,,,,,,15:49:47,-0.29,20260812161330,2026-08-12 16:13:30,2026-08-12,-0.7,60,0.00000,0.00000,2026-08-12,6852
BNU6,RFUD,1296,1300,4,1284,1315,1280,1299,236,3,1296,4,37510,112,2724,3526943,42696,15:58:32,0.23,,,,,,,15:58:14,0.31,20260812161333,2026-08-12 16:13:33,2026-08-12,1.48,1096,0.00000,0.00000,2026-08-12,1299
BNZ6,RFUD,1318,1325,7,1318,1334,1302,1312,3,4,1318,6,4416,22,116,153986,1864,15:58:30,0.31,,,,,,,15:12:24,0.46,20260812161331,2026-08-12 16:13:31,2026-08-12,-0.61,-10,0.00000,0.00000,2026-08-12,1312
BRF7,RFUD,81.6,81.82,0.22,82.52,82.98,81.35,81.68,1,-0.43,81.68,-0.56,2612,114,169,11446332,138565,15:58:32,-0.52,,,,,,,15:49:48,-0.69,20260812161333,2026-08-12 16:13:33,2026-08-12,-0.73,-150,82.52000,0.00000,2026-08-12,67283
BRG7,RFUD,81.25,81.64,0.39,82.73,82.9,81.12,81.85,2,0.73,81.64,-0.19,880,28,29,1958043,23703,15:58:30,0.9,,,,,,,15:41:41,-0.23,20260812161331,2026-08-12 16:13:31,2026-08-12,-0.04,-8,0.00000,0.00000,2026-08-12,67423
BRH7,RFUD,80.78,81.52,0.74,82.48,82.5,80.73,80.73,5,-0.94,80.78,-0.8,242,18,22,1479581,17911,15:58:30,-1.15,,,,,,,14:46:18,-0.99,20260812161331,2026-08-12 16:13:31,2026-08-12,-1.19,6,0.00000,0.00000,2026-08-12,66501
BRU6,RFUD,88.73,88.74,0.01,90.1,90.31,88.2,88.74,1,0.01,88.83,-0.17,497536,49334,377052,27729336420,335681868,15:58:32,0.01,,,,,,,15:58:32,-0.19,20260812161333,2026-08-12 16:13:33,2026-08-12,-0.65,3342,90.10000,0.00000,2026-08-12,73099
BRV6,RFUD,86.41,86.42,0.01,87.59,87.85,86,86.4,7,-0.04,86.49,-0.28,73390,6677,16566,1185417013,14350253,15:58:32,-0.05,,,,,,,15:58:30,-0.32,20260812161333,2026-08-12 16:13:33,2026-08-12,-0.77,-1126,87.59000,0.00000,2026-08-12,71171
BRX6,RFUD,84.55,84.56,0.01,85.41,85.78,84.13,84.66,1,0.12,84.65,-0.23,9278,564,1060,74238932,898711,15:58:32,0.14,,,,,,,15:50:18,-0.27,20260812161333,2026-08-12 16:13:33,2026-08-12,-0.51,372,85.41000,0.00000,2026-08-12,69738
BRZ6,RFUD,82.95,83.14,0.19,84.37,84.37,82.6,83.16,1,0.11,83.15,-0.41,5852,273,509,35044761,424240,15:58:32,0.13,,,,,,,15:50:18,-0.49,20260812161333,2026-08-12 16:13:33,2026-08-12,-0.63,-44,0.00000,0.00000,2026-08-12,68502
BSU6,RFUD,2712,2714,2,2750,2764,2702,2710,22,3,2712,-41,26526,560,4417,12028553,145614,15:58:32,0.11,,,,,,,15:52:00,-1.51,20260812161333,2026-08-12 16:13:33,2026-08-12,-1.35,-550,0.00000,0.00000,2026-08-12,2710
BSZ6,RFUD,2620,2628,8,2656,2656,2608,2623,1,7,2623,-40,4030,77,354,930892,11269,15:58:32,0.27,,,,,,,15:12:47,-1.52,20260812161333,2026-08-12 16:13:33,2026-08-12,-1.02,-496,0.00000,0.00000,2026-08-12,2623
BTQ6,RFUD,64311,64323,12,63983,64647,63851,64324,1,-16,64324,488,353818,4360,53451,282886259,3424524,15:58:11,-0.02,,,,,,,15:57:35,0.76,20260812161311,2026-08-12 16:13:11,2026-08-12,0.53,4010,0.00000,0.00000,2026-08-12,5298
BTU6,RFUD,64718,64730,12,64399,65035,64324,64738,1,-13,64731,433,84890,1524,11174,59542090,720796,15:58:11,-0.02,,,,,,,15:55:49,0.67,20260812161311,2026-08-12 16:13:11,2026-08-12,0.52,3072,64399.00000,0.00000,2026-08-12,5332
BTV6,RFUD,65191,65236,45,64960,65500,64800,65180,1,141,65191,372,18666,182,1626,8707076,105405,15:58:27,0.22,,,,,,,15:53:07,0.57,20260812161327,2026-08-12 16:13:27,2026-08-12,0.32,1914,0.00000,0.00000,2026-08-12,5369
BYU6,RFUD,27.51,28.46,0.95,0,0,0,0,0,0,28.17,0.12,10,0,0,0,0,15:58:02,0,,,,,,,15:58:02,0.43,20260812161315,2026-08-12 16:13:15,,,0,0.00000,0.00000,2026-08-12,0
BYZ6,RFUD,27.03,29.06,2.03,0,0,0,0,0,0,29.06,0,10,0,0,0,0,15:58:02,0,,,,,,,15:58:02,0,20260812161315,2026-08-12 16:13:15,,,0,0.00000,0.00000,2026-08-12,0
BZU6,RFUD,34.18,34.52,0.34,0,0,0,0,0,0,34.54,-0.75,482,0,0,0,0,15:58:31,0,,,,,,,15:58:31,-2.17,20260812161332,2026-08-12 16:13:32,,,0,0.00000,0.00000,2026-08-12,0
BZZ6,RFUD,34.27,34.85,0.58,0,0,0,0,0,0,34.8,-0.58,106,0,0,0,0,15:58:31,0,,,,,,,15:58:31,-1.67,20260812161332,2026-08-12 16:13:32,,,0,0.00000,0.00000,2026-08-12,0
CAU6,RFUD,1.3882,1.3902,0.002,0,0,0,0,0,0,1.3902,-0.0016,2,0,0,0,0,15:54:43,0,,,,,,,15:54:43,-0.12,20260812161015,2026-08-12 16:10:15,,,0,0.00000,0.00000,2026-08-12,0
CAZ6,RFUD,1.3778,1.4056,0.0278,0,0,0,0,0,0,1.3905,-0.0016,0,0,0,0,0,15:54:43,0,,,,,,,15:54:43,-0.12,20260812161015,2026-08-12 16:10:15,,,0,0.00000,0.00000,2026-08-12,0
CCQ6,RFUD,463.8,464,0.2,457,471,454.9,464,9,0.2,463.8,3,1027598,69095,1811565,8399154523,101677294,15:58:32,0.04,,,,,,,15:58:32,0.65,20260812161333,2026-08-12 16:13:33,2026-08-12,1.55,-87126,457.00000,0.00000,2026-08-12,4640
CCX6,RFUD,478.5,478.8,0.3,473.9,485,471.5,478.2,22,-0.3,478.5,2.1,156832,11110,95844,458282527,5547812,15:58:32,-0.06,,,,,,,15:58:15,0.44,20260812161333,2026-08-12 16:13:33,2026-08-12,0.95,-4358,0.00000,0.00000,2026-08-12,4782
CEU6,RFUD,14335,14340,5,14264,14357,14249,14337,16,-1,14337,89,112158,1309,10584,124734832,1509997,15:58:32,-0.01,,,,,,,15:58:13,0.62,20260812161333,2026-08-12 16:13:33,2026-08-12,0.51,798,0.00000,0.00000,2026-08-12,11810
CEZ6,RFUD,14365,14373,8,14327,14387,14291,14367,1,4,14367,66,27342,173,1824,21532194,260661,15:58:32,0.03,,,,,,,15:57:43,0.46,20260812161333,2026-08-12 16:13:33,2026-08-12,0.17,3418,0.00000,0.00000,2026-08-12,11835
CFU6,RFUD,0.807,0.8081,0.0011,0,0,0,0,0,0,0.8081,-0.0009,390,0,0,0,0,15:57:51,0,,,,,,,15:57:51,-0.11,20260812161251,2026-08-12 16:12:51,,,0,0.00000,0.00000,2026-08-12,0
CFZ6,RFUD,0.8009,0.8164,0.0155,0,0,0,0,0,0,0.8048,-0.0009,12,0,0,0,0,15:55:15,0,,,,,,,15:55:15,-0.11,20260812161050,2026-08-12 16:10:50,,,0,0.00000,0.00000,2026-08-12,0
CIU6,RFUD,55.4,55.72,0.32,54.92,55.6,54.92,55.6,37,0.68,55.6,-0.34,2056,4,43,196660,2381,15:57:24,1.24,,,,,,,13:32:39,-0.61,20260812161226,2026-08-12 16:12:26,2026-08-12,0,70,0.00000,0.00000,2026-08-12,4580
CIZ6,RFUD,55.2,56.49,1.29,0,0,0,0,0,0,56.02,-0.34,170,0,0,0,0,15:53:35,0,,,,,,,15:53:35,-0.61,20260812160836,2026-08-12 16:08:36,,,0,0.00000,0.00000,2026-08-12,0
CKU6,RFUD,6886,6892,6,6952,7011,6812,6892,1,1,6892,-78,34968,2640,10875,74941650,907218,15:58:30,0.01,,,,,,,15:57:09,-1.13,20260812161331,2026-08-12 16:13:31,2026-08-12,-0.98,-3014,0.00000,0.00000,2026-08-12,6892
CKZ6,RFUD,7097,7119,22,7193,7203,7023,7134,2,29,7120,-74,2074,74,193,1374041,16634,15:58:28,0.41,,,,,,,15:34:47,-1.04,20260812161330,2026-08-12 16:13:30,2026-08-12,-1.01,58,0.00000,0.00000,2026-08-12,7134
CMU6,RFUD,10207,10223,16,9998,10250,9921,10214,89,-11,10225,244,47522,676,4688,47551930,575647,15:58:28,-0.11,,,,,,,15:58:26,2.39,20260812161328,2026-08-12 16:13:28,2026-08-12,2.68,2874,0.00000,0.00000,2026-08-12,10214
CMZ6,RFUD,9511,9555,44,9296,9582,9296,9554,1,-28,9554,239,1712,38,42,396456,4799,15:58:28,-0.29,,,,,,,15:53:31,2.5,20260812161328,2026-08-12 16:13:28,2026-08-12,1.49,46,0.00000,0.00000,2026-08-12,9554
CNYRUBF,RFUD,12.273,12.274,0.001,12.254,12.332,12.208,12.274,3,0.001,12.273,0.028,19264560,36121,2156498,26481514410,320576162,15:58:32,0.01,,,,,,,15:58:30,0.23,20260812161333,2026-08-12 16:13:33,2026-08-12,0.19,75264,12.25400,0.00427,2026-08-12,12274
CRH7,RFUD,12.812,12.815,0.003,12.811,12.861,12.763,12.813,1,0.002,12.813,0.013,131386,980,9015,115590320,1399297,15:58:32,0.02,,,,,,,15:52:03,0.1,20260812161333,2026-08-12 16:13:33,2026-08-12,0.1,-2086,0.00000,0.00000,2026-08-12,12813
CRM7,RFUD,13.002,13.016,0.014,13.029,13.061,12.978,13.011,1,-0.012,13.011,0.002,59888,286,859,11191550,135481,15:58:32,-0.09,,,,,,,15:45:04,0.02,20260812161333,2026-08-12 16:13:33,2026-08-12,0.03,-474,0.00000,0.00000,2026-08-12,13011
CRU6,RFUD,12.383,12.384,0.001,12.364,12.441,12.312,12.384,8,0.002,12.383,0.026,49922186,189928,5593724,69290571350,838807972,15:58:32,0.02,,,,,,,15:58:32,0.21,20260812161333,2026-08-12 16:13:33,2026-08-12,0.2,261410,12.36400,0.00000,2026-08-12,12384
CRU7,RFUD,13.3,13.338,0.038,13.454,13.454,13.288,13.301,1,-0.047,13.301,0.007,4004,45,123,1643990,19902,15:58:32,-0.35,,,,,,,15:13:15,0.05,20260812161333,2026-08-12 16:13:33,2026-08-12,0.15,56,0.00000,0.00000,2026-08-12,13301
CRZ6,RFUD,12.596,12.597,0.001,12.576,12.655,12.527,12.597,50,0.003,12.596,0.028,6009784,10213,251071,3165586950,38321514,15:58:32,0.02,,,,,,,15:58:31,0.22,20260812161333,2026-08-12 16:13:33,2026-08-12,0.19,285328,0.00000,0.00000,2026-08-12,12597
CRZ7,RFUD,13.559,13.627,0.068,13.6,13.69,13.551,13.581,3,-0.109,13.581,-0.007,976,17,46,625060,7567,15:58:30,-0.8,,,,,,,15:42:19,-0.05,20260812161331,2026-08-12 16:13:31,2026-08-12,0.24,58,0.00000,0.00000,2026-08-12,13581
CSU6,RFUD,5749,5760,11,5807,5807,5763,5763,1,-44,5760,80,580,2,2,11570,140,15:58:24,-0.76,,,,,,,11:47:24,1.39,20260812161325,2026-08-12 16:13:25,2026-08-12,0,0,0.00000,0.00000,2026-08-12,5763
CSZ6,RFUD,5849,5915,66,0,0,0,0,0,0,5868,33,94,0,0,0,0,15:58:24,0,,,,,,,15:58:24,0.56,20260812161325,2026-08-12 16:13:25,,,0,0.00000,0.00000,2026-08-12,0
DDU6,RFUD,90.03,90.28,0.25,0,0,0,0,0,0,90.16,-0.56,78,0,0,0,0,15:55:09,0,,,,,,,15:55:09,-0.62,20260812161044,2026-08-12 16:10:44,,,0,0.00000,0.00000,2026-08-12,0
DDZ6,RFUD,93.45,94.63,1.18,0,0,0,0,0,0,94.04,-0.56,26,0,0,0,0,15:55:09,0,,,,,,,15:55:09,-0.6,20260812161044,2026-08-12 16:10:44,,,0,0.00000,0.00000,2026-08-12,0
DJU6,RFUD,538.3,539.2,0.9,538.2,538.8,538.2,538.8,23,0.6,538.8,-0.7,850,4,26,1153815,13968,15:57:10,0.11,,,,,,,12:29:41,-0.13,20260812161212,2026-08-12 16:12:12,2026-08-12,0.06,-2,0.00000,0.00000,2026-08-12,44383
DJZ6,RFUD,536.6,538.3,1.7,0,0,0,0,0,0,538.3,-0.3,76,0,0,0,0,15:58:31,0,,,,,,,15:58:31,-0.06,20260812161332,2026-08-12 16:13:32,,,0,0.00000,0.00000,2026-08-12,0
DLQ6,RFUD,74090,74250,160,74000,74260,74000,74260,1,260,74250,190,814,2,2,148260,1795,15:58:31,0.35,,,,,,,13:01:22,0.26,20260812161332,2026-08-12 16:13:32,2026-08-12,0.32,0,0.00000,0.00000,2026-08-12,74260
DLU6,RFUD,74000,74150,150,0,0,0,0,0,0,74080,580,134,0,0,0,0,15:58:31,0,,,,,,,15:58:31,0.78,20260812161332,2026-08-12 16:13:32,,,0,0.00000,0.00000,2026-08-12,0
DLV6,RFUD,73030,73730,700,0,0,0,0,0,0,73380,-340,6,0,0,0,0,15:58:29,0,,,,,,,15:58:29,-0.46,20260812161330,2026-08-12 16:13:30,,,0,0.00000,0.00000,2026-08-12,0
DRU6,RFUD,2270,2271,1,2288,2315,2097,2271,4,1,2271,-19,66786,1968,24291,55035498,666241,15:58:26,0.04,,,,,,,15:55:07,-0.84,20260812161330,2026-08-12 16:13:30,2026-08-12,-0.44,-5486,0.00000,0.00000,2026-08-12,2271
DRZ6,RFUD,2344,2346,2,2361,2373,2206,2346,4,-3,2346,-17,12454,137,1210,2836193,34334,15:58:26,-0.13,,,,,,,15:55:07,-0.72,20260812161330,2026-08-12 16:13:30,2026-08-12,-0.55,-514,0.00000,0.00000,2026-08-12,2346
DXU6,RFUD,21744,21773,29,21651,21804,21651,21744,5,-21,21744,101,8284,58,586,12151463,147101,15:58:27,-0.1,,,,,,,15:57:30,0.46,20260812161327,2026-08-12 16:13:27,2026-08-12,0.48,-878,0.00000,0.00000,2026-08-12,20697
DXZ6,RFUD,21640,21671,31,21543,21669,21543,21651,1,18,21651,127,1080,13,18,370630,4487,15:58:27,0.08,,,,,,,15:57:30,0.59,20260812161327,2026-08-12 16:13:27,2026-08-12,0.59,-24,0.00000,0.00000,2026-08-12,20608
EAU6,RFUD,3241,3246,5,3344,3357,3216,3234,1,-3,3241,-98,24014,415,2745,8967010,108552,15:58:32,-0.09,,,,,,,15:30:25,-3.02,20260812161333,2026-08-12 16:13:33,2026-08-12,-3.2,-72,0.00000,0.00000,2026-08-12,3234
EAZ6,RFUD,3355,3361,6,3472,3472,3343,3359,3,7,3359,-96,4698,40,95,320878,3884,15:58:31,0.21,,,,,,,15:13:28,-2.86,20260812161332,2026-08-12 16:13:32,2026-08-12,-2.78,4,0.00000,0.00000,2026-08-12,3359
ECU6,RFUD,0,0,0,0,0,0,0,0,0,1.6218,0,0,0,0,0,0,02:01:25,0,,,,,,,02:01:25,0,20260812070457,2026-08-12 07:04:57,,,0,0.00000,0.00000,2026-08-12,0
ECZ6,RFUD,0,0,0,0,0,0,0,0,0,1.6255,0,0,0,0,0,0,02:01:25,0,,,,,,,02:01:25,0,20260812070457,2026-08-12 07:04:57,,,0,0.00000,0.00000,2026-08-12,0
EDH7,RFUD,1.1518,1.1549,0.0031,0,0,0,0,0,0,1.1547,0.0024,40,0,0,0,0,15:56:53,0,,,,,,,15:56:53,0.21,20260812161206,2026-08-12 16:12:06,,,0,0.00000,0.00000,2026-08-12,0
EDM7,RFUD,1.1513,1.157,0.0057,0,0,0,0,0,0,1.1552,0.0015,12,0,0,0,0,15:56:53,0,,,,,,,15:56:53,0.13,20260812161206,2026-08-12 16:12:06,,,0,0.00000,0.00000,2026-08-12,0
EDU6,RFUD,1.1537,1.1538,0.0001,1.1515,1.1545,1.1509,1.1537,5,-0.0001,1.1538,0.0015,754110,3407,26061,2473194743,29939650,15:58:32,-0.01,,,,,,,15:58:31,0.13,20260812161333,2026-08-12 16:13:33,2026-08-12,0.13,-7594,0.00000,0.00000,2026-08-12,95035
EDZ6,RFUD,1.1533,1.1537,0.0004,1.1512,1.1544,1.1512,1.1531,1,0.0001,1.1533,0.0013,3730,26,32,3032194,36707,15:57:58,0.01,,,,,,,15:41:40,0.11,20260812161300,2026-08-12 16:13:00,2026-08-12,0.15,18,0.00000,0.00000,2026-08-12,94986
EGU6,RFUD,0,0,0,0,0,0,0,0,0,0.9078,0,0,0,0,0,0,02:01:25,0,,,,,,,02:01:25,0,20260812070457,2026-08-12 07:04:57,,,0,0.00000,0.00000,2026-08-12,0
EGZ6,RFUD,0,0,0,0,0,0,0,0,0,0.91,0,0,0,0,0,0,02:01:25,0,,,,,,,02:01:25,0,20260812070457,2026-08-12 07:04:57,,,0,0.00000,0.00000,2026-08-12,0
EHQ6,RFUD,1917.5,1918.2,0.7,1898.9,1935.8,1895.3,1917.7,1,-2.3,1917.7,45.2,87628,1759,24520,38646950,467847,15:58:32,-0.12,,,,,,,15:57:12,2.36,20260812161333,2026-08-12 16:13:33,2026-08-12,1.27,1974,0.00000,0.00000,2026-08-12,1580
EHU6,RFUD,1925.7,1927.5,1.8,1910.8,1943,1905.9,1930.4,60,-0.4,1927.5,44.7,49550,714,8463,13409099,162326,15:58:32,-0.02,,,,,,,15:55:43,2.32,20260812161333,2026-08-12 16:13:33,2026-08-12,1.42,-622,0.00000,0.00000,2026-08-12,1590
EHV6,RFUD,1947.7,1952,4.3,1930.5,1953.2,1928.7,1953.2,1,4.1,1952,47.6,19414,28,347,557569,6750,15:57:42,0.21,,,,,,,15:30:21,2.44,20260812161246,2026-08-12 16:12:46,2026-08-12,2.32,-264,0.00000,0.00000,2026-08-12,1609
EJU6,RFUD,0,0,0,0,0,0,0,0,0,180.92,0,0,0,0,0,0,02:01:25,0,,,,,,,02:01:25,0,20260812070457,2026-08-12 07:04:57,,,0,0.00000,0.00000,2026-08-12,0
EJZ6,RFUD,0,0,0,0,0,0,0,0,0,181.13,0,0,0,0,0,0,02:01:25,0,,,,,,,02:01:25,0,20260812070457,2026-08-12 07:04:57,,,0,0.00000,0.00000,2026-08-12,0
EMU6,RFUD,66.82,66.9,0.08,66.37,66.62,66.37,66.62,4,0.21,66.82,0.99,996,3,12,65695,795,15:56:39,0.32,,,,,,,15:28:58,1.48,20260812161140,2026-08-12 16:11:40,2026-08-12,0.94,0,0.00000,0.00000,2026-08-12,5488
EMZ6,RFUD,67.37,68,0.63,0,0,0,0,0,0,67.83,1,104,0,0,0,0,15:56:39,0,,,,,,,15:56:39,1.47,20260812161140,2026-08-12 16:11:40,,,0,0.00000,0.00000,2026-08-12,0
ERU6,RFUD,96.2,96.28,0.08,95.92,96.45,95.7,96.14,2,-0.2,96.2,0.25,1704,26,218,2096857,25384,15:58:30,-0.21,,,,,,,15:21:19,0.26,20260812161331,2026-08-12 16:13:31,2026-08-12,0.28,176,0.00000,0.00000,2026-08-12,9614
ERZ6,RFUD,97.74,98.1,0.36,98.18,98.18,97.71,97.71,2,-0.47,97.74,0.22,270,2,3,29360,355,15:58:04,-0.48,,,,,,,15:23:14,0.23,20260812161305,2026-08-12 16:13:05,2026-08-12,0.19,-4,0.00000,0.00000,2026-08-12,9771
ETU6,RFUD,14.6,14.61,0.01,14.42,14.7,14.42,14.6,5,-0.01,14.6,0.36,381618,281,5107,6122909,74122,15:58:02,-0.07,,,,,,,15:57:41,2.47,20260812161303,2026-08-12 16:13:03,2026-08-12,1.53,-1452,0.00000,0.00000,2026-08-12,1203
ETZ6,RFUD,15.07,15.13,0.06,15.02,15.1,14.93,15.08,5,-0.01,15.08,0.25,46312,16,81,100435,1216,15:57:44,-0.07,,,,,,,15:57:41,1.66,20260812161300,2026-08-12 16:13:00,2026-08-12,1.48,2,0.00000,0.00000,2026-08-12,1242
EuH7,RFUD,100127,100382,255,100441,100519,100212,100212,1,-307,100212,109,408,10,12,1203685,14571,15:58:30,-0.31,,,,,,,15:11:07,0.11,20260812161331,2026-08-12 16:13:31,2026-08-12,0.17,20,0.00000,0.00000,2026-08-12,100212
EuM7,RFUD,102146,104099,1953,0,0,0,0,0,0,102146,186,30,0,0,0,0,15:57:45,0,,,,,,,15:57:45,0.18,20260812161246,2026-08-12 16:12:46,,,0,0.00000,0.00000,2026-08-12,0
EURRUBF,RFUD,95.59,95.63,0.04,95.39,95.89,95.02,95.66,5,0.03,95.62,0.44,139816,3003,12949,1235307550,14954211,15:58:32,0.03,,,,,,,15:55:00,0.46,20260812161333,2026-08-12 16:13:33,2026-08-12,0.2,-2336,0.00000,0.00000,2026-08-12,95660
EuU6,RFUD,96229,96244,15,95999,96564,95608,96238,1,17,96240,243,1504848,15394,51103,4911378821,59455473,15:58:32,0.02,,,,,,,15:58:30,0.25,20260812161333,2026-08-12 16:13:33,2026-08-12,0.3,-12482,0.00000,0.00000,2026-08-12,96238
EuZ6,RFUD,97831,97850,19,97695,98197,97463,97860,1,-20,97846,172,253314,3907,4293,420387770,5089071,15:58:32,-0.02,,,,,,,15:56:58,0.18,20260812161333,2026-08-12 16:13:33,2026-08-12,0.17,4870,0.00000,0.00000,2026-08-12,97860
FEU6,RFUD,6247,6257,10,6191,6312,6191,6247,4,-4,6247,-7,18870,139,763,4774898,57803,15:57:58,-0.06,,,,,,,15:57:37,-0.11,20260812161330,2026-08-12 16:13:30,2026-08-12,-0.27,470,0.00000,0.00000,2026-08-12,6247
FEZ6,RFUD,6371,6391,20,6396,6406,6352,6356,1,4,6371,1,642,11,22,140590,1702,15:57:58,0.06,,,,,,,12:43:45,0.02,20260812161330,2026-08-12 16:13:30,2026-08-12,-0.22,42,0.00000,0.00000,2026-08-12,6356
FFQ6,RFUD,60.98,61.05,0.07,60.7,61.65,59.295,60.985,5,-0.03,60.985,0.705,133996,3264,30780,177561224,2149495,15:58:32,-0.05,,,,,,,15:55:00,1.16,20260812161333,2026-08-12 16:13:33,2026-08-12,0.8,2350,0.00000,0.00000,2026-08-12,5805
FFU6,RFUD,60.995,61.065,0.07,60.585,61.5,59.37,61.05,48,0.02,61.05,0.755,27436,1116,4066,23438304,283736,15:58:32,0.03,,,,,,,15:55:00,1.24,20260812161333,2026-08-12 16:13:33,2026-08-12,1.02,2334,0.00000,0.00000,2026-08-12,5811
FLU6,RFUD,8065,8075,10,8037,8126,7984,8051,22,-19,8065,50,9438,316,1426,11502987,139251,15:58:29,-0.24,,,,,,,15:50:35,0.62,20260812161330,2026-08-12 16:13:30,2026-08-12,0.62,452,0.00000,0.00000,2026-08-12,8051
FLZ6,RFUD,8233,8246,13,8206,8262,8190,8238,1,-1,8238,74,530,13,21,172795,2092,15:58:29,-0.01,,,,,,,15:46:37,0.9,20260812161330,2026-08-12 16:13:30,2026-08-12,0.39,10,0.00000,0.00000,2026-08-12,8238
FNU6,RFUD,8959,8984,25,9014,9036,9014,9036,1,22,8984,19,12058,2,42,378610,4583,15:58:31,0.24,,,,,,,10:01:07,0.21,20260812161332,2026-08-12 16:13:32,2026-08-12,0.08,0,0.00000,0.00000,2026-08-12,9036
FNZ6,RFUD,9320,9417,97,9409,9410,9391,9400,1,9,9400,84,230,9,17,159795,1934,15:58:32,0.1,,,,,,,14:58:46,0.89,20260812161333,2026-08-12 16:13:33,2026-08-12,0.9,-6,0.00000,0.00000,2026-08-12,9400
FSU6,RFUD,5310,5316,6,5420,5449,5238,5315,4,8,5315,-71,21252,381,2292,12188649,147552,15:58:30,0.15,,,,,,,15:55:49,-1.34,20260812161331,2026-08-12 16:13:31,2026-08-12,-1.83,1174,0.00000,0.00000,2026-08-12,5315
FSZ6,RFUD,5492,5500,8,5607,5607,5430,5477,1,-23,5492,-77,2862,55,161,887764,10747,15:58:30,-0.42,,,,,,,15:13:36,-1.4,20260812161331,2026-08-12 16:13:31,2026-08-12,-1.7,28,0.00000,0.00000,2026-08-12,5477
GAZPF,RFUD,92.24,92.25,0.01,93.01,94.27,91.94,92.24,1,0.01,92.24,-1.35,660018,5430,52054,483824483,5857014,15:58:32,0.01,,,,,,,15:57:35,-1.46,20260812161333,2026-08-12 16:13:33,2026-08-12,-1.58,22364,93.01000,0.07021,2026-08-12,9224
GDH7,RFUD,4532.2,4539,6.8,4487,4536.4,4478.9,4525,1,-6.2,4530.3,50.1,916,166,176,65334948,790923,15:58:32,-0.14,,,,,,,15:48:36,1.11,20260812161333,2026-08-12 16:13:33,2026-08-12,1.24,62,4487.00000,0.00000,2026-08-12,372743
GDM7,RFUD,4601.5,4608.5,7,4561.5,4600,4550.1,4574.2,1,2.2,4599.4,54.4,452,40,40,15088754,182659,15:58:32,0.05,,,,,,,15:30:27,1.18,20260812161333,2026-08-12 16:13:33,2026-08-12,0.78,36,0.00000,0.00000,2026-08-12,376796
GDU6,RFUD,4443,4443.1,0.1,4405.6,4456.7,4382.8,4443.3,1,0.6,4440.4,51.3,342654,38485,128119,46307433154,560581957,15:58:32,0.01,,,,,,,15:58:32,1.16,20260812161333,2026-08-12 16:13:33,2026-08-12,1.59,10364,4405.60000,0.00000,2026-08-12,366013
GDZ6,RFUD,4485.6,4486,0.4,4446,4497.7,4425.5,4485.7,1,1.2,4483,54.4,15534,2557,3604,1322581184,16010716,15:58:32,0.03,,,,,,,15:58:25,1.21,20260812161333,2026-08-12 16:13:33,2026-08-12,1.61,1022,4446.00000,0.00000,2026-08-12,369506
GKU6,RFUD,1250,1251,1,1274,1275,1246,1251,10,1,1250,-19,689224,3405,145357,183125455,2216854,15:58:31,0.08,,,,,,,15:58:18,-1.52,20260812161332,2026-08-12 16:13:32,2026-08-12,-1.18,-532,1274.00000,0.00000,2026-08-12,1251
GKZ6,RFUD,1283,1285,2,1306,1308,1278,1281,3,-1,1283,-23,52382,311,5876,5600729,67801,15:58:29,-0.08,,,,,,,15:47:58,-1.79,20260812161330,2026-08-12 16:13:30,2026-08-12,-1.61,2972,0.00000,0.00000,2026-08-12,1281
GLDRUBF,RFUD,11714.9,11715,0.1,11595.1,11742,11565.8,11715,22,0.9,11709.9,169.6,1524076,21553,351678,4099907836,49632083,15:58:32,0.01,,,,,,,15:58:32,1.45,20260812161333,2026-08-12 16:13:33,2026-08-12,1.68,41614,11595.10000,6.25926,2026-08-12,11715
GLH7,RFUD,12501.3,12524.5,23.2,12367.8,12526.9,12351.9,12498.5,1,5.6,12498.5,134,7490,150,338,4212522,50995,15:58:32,0.04,,,,,,,15:57:50,1.07,20260812161333,2026-08-12 16:13:33,2026-08-12,1.69,22,0.00000,0.00000,2026-08-12,12498
GLM7,RFUD,12791.8,12837.1,45.3,12704.2,12834.6,12700.4,12768.7,1,-4.7,12789,149,72804,101,208,2652437,32110,15:58:32,-0.04,,,,,,,15:31:41,1.17,20260812161333,2026-08-12 16:13:33,2026-08-12,1.14,8,0.00000,0.00000,2026-08-12,12769
GLU6,RFUD,11857.7,11858.6,0.9,11726,11886.5,11707.3,11858.1,1,1.5,11850.3,147.6,1088856,12278,182797,2158664362,26132053,15:58:32,0.01,,,,,,,15:58:32,1.25,20260812161333,2026-08-12 16:13:33,2026-08-12,1.62,-36708,11726.00000,0.00000,2026-08-12,11858
GLZ6,RFUD,12182.6,12184.7,2.1,12080,12204.3,12029.3,12183,1,2,12175.1,145.6,92034,2265,11751,142725363,1727784,15:58:32,0.02,,,,,,,15:58:32,1.2,20260812161333,2026-08-12 16:13:33,2026-08-12,1.55,12788,12080.00000,0.00000,2026-08-12,12183
GNH7,RFUD,4536.9,4546.5,9.6,4523.4,4543.4,4498.2,4536,1,-1,4536,51.3,370,68,87,3238860,39209,15:58:31,-0.02,,,,,,,15:43:21,1.13,20260812161332,2026-08-12 16:13:32,2026-08-12,1.23,-16,0.00000,0.00000,2026-08-12,37365
GNM7,RFUD,4608.9,4658.7,49.8,4596.1,4609,4575,4609,1,17.9,4609,64,166,19,24,908238,10995,15:58:31,0.39,,,,,,,15:43:21,1.39,20260812161332,2026-08-12 16:13:32,2026-08-12,0.89,40,0.00000,0.00000,2026-08-12,37966
GNU6,RFUD,4442.6,4443,0.4,4403.8,4445.8,4390,4443,1,-0.8,4440.6,51.7,31026,8079,26579,966814438,11703925,15:58:32,-0.02,,,,,,,15:58:32,1.16,20260812161333,2026-08-12 16:13:33,2026-08-12,1.56,1046,4403.80000,0.00000,2026-08-12,36599
GNZ6,RFUD,4485.4,4486.2,0.8,4446.3,4488.2,4433,4485,1,4.8,4483.1,55,3334,669,1107,40651223,492110,15:58:32,0.11,,,,,,,15:58:25,1.23,20260812161333,2026-08-12 16:13:33,2026-08-12,1.55,18,0.00000,0.00000,2026-08-12,36945
GUU6,RFUD,1.3484,1.3503,0.0019,1.3453,1.3498,1.3453,1.3498,100,0.0016,1.3498,0.0041,5852,4,103,11452485,138640,15:56:30,0.12,,,,,,,15:43:10,0.3,20260812161131,2026-08-12 16:11:31,2026-08-12,0.34,-2,0.00000,0.00000,2026-08-12,111189
GUZ6,RFUD,1.3454,1.3594,0.014,1.3437,1.3437,1.3429,1.3429,1,0,1.3454,-0.012,4,2,2,220763,2672,15:56:30,0,,,,,,,09:28:13,-0.89,20260812161206,2026-08-12 16:12:06,2026-08-12,-1.07,0,0.00000,0.00000,2026-08-12,110620
GZH7,RFUD,10018,10028,10,10210,10210,10000,10023,2,6,10023,-140,13456,78,156,1568835,18992,15:58:32,0.06,,,,,,,15:31:11,-1.4,20260812161333,2026-08-12 16:13:33,2026-08-12,-1.25,238,0.00000,0.00000,2026-08-12,10023
GZM7,RFUD,10362,10389,27,10504,10515,10359,10392,1,12,10386,-116,2688,64,94,978290,11843,15:58:32,0.12,,,,,,,15:22:16,-1.12,20260812161333,2026-08-12 16:13:33,2026-08-12,-1.39,30,0.00000,0.00000,2026-08-12,10392
GZU6,RFUD,9348,9351,3,9499,9560,9321,9348,7,-5,9344,-159,1145190,20009,139490,1314049676,15907436,15:58:32,-0.05,,,,,,,15:58:30,-1.7,20260812161333,2026-08-12 16:13:33,2026-08-12,-1.59,7368,0.00000,0.00000,2026-08-12,9348
GZZ6,RFUD,9677,9682,5,9827,9885,9652,9680,16,3,9677,-158,109880,1312,3679,35784847,433199,15:58:32,0.03,,,,,,,15:58:27,-1.63,20260812161333,2026-08-12 16:13:33,2026-08-12,-1.29,1018,0.00000,0.00000,2026-08-12,9680
HDU6,RFUD,2944,2949,5,2970,2976,2933,2944,20,3,2944,12,30452,379,5289,15633208,189250,15:58:31,0.1,,,,,,,15:51:59,0.41,20260812161332,2026-08-12 16:13:32,2026-08-12,-0.64,3438,0.00000,0.00000,2026-08-12,2944
HDZ6,RFUD,2855,2863,8,2870,2888,2850,2856,1,-5,2856,-13,6442,40,316,906962,10979,15:58:14,-0.17,,,,,,,15:07:43,-0.46,20260812161330,2026-08-12 16:13:30,2026-08-12,-0.49,-68,0.00000,0.00000,2026-08-12,2856
HKU6,RFUD,10.607,10.656,0.049,0,0,0,0,0,0,10.656,0.058,76,0,0,0,0,15:58:12,0,,,,,,,15:58:12,0.54,20260812161313,2026-08-12 16:13:13,,,0,0.00000,0.00000,2026-08-12,0
HKZ6,RFUD,9.696,11.055,1.359,0,0,0,0,0,0,11.055,0.435,70,0,0,0,0,15:57:09,0,,,,,,,15:57:09,3.93,20260812161211,2026-08-12 16:12:11,,,0,0.00000,0.00000,2026-08-12,0
HOU6,RFUD,39110,39230,120,0,0,0,0,0,0,39210,0,860,0,0,0,0,15:58:20,0,,,,,,,15:58:20,0,20260812161321,2026-08-12 16:13:21,,,0,0.00000,0.00000,2026-08-12,0
HOZ6,RFUD,40300,40850,550,40890,40890,40890,40890,1,0,40300,50,22,1,1,40890,495,15:58:20,0,,,,,,,14:26:20,0.12,20260812161321,2026-08-12 16:13:21,2026-08-12,0,2,0.00000,0.00000,2026-08-12,40890
HSU6,RFUD,26204,26235,31,26263,26263,26090,26235,4,25,26235,-113,105194,92,2110,5794352,70144,15:58:32,0.1,,,,,,,15:56:06,-0.43,20260812161333,2026-08-12 16:13:33,2026-08-12,-0.62,712,0.00000,0.00000,2026-08-12,2754
HSZ6,RFUD,26221,26495,274,26460,26460,26376,26377,20,-23,26377,-123,6368,9,83,229921,2783,15:58:23,-0.09,,,,,,,13:17:43,-0.47,20260812161324,2026-08-12 16:13:24,2026-08-12,-0.66,84,0.00000,0.00000,2026-08-12,2769
HXU6,RFUD,1117.9,1122.1,4.2,1090.5,1114.4,1070,1114.4,1,2.8,1116.7,73.6,40382,81,528,4784808,57923,15:58:32,0.25,,,,,,,15:47:00,6.59,20260812161333,2026-08-12 16:13:33,2026-08-12,5.64,-350,1090.50000,0.00000,2026-08-12,9180
HXZ6,RFUD,1124.6,1171,46.4,1116.3,1116.3,1116.3,1116.3,1,0,1123.4,23.4,64,1,1,9195,111,15:58:32,0,,,,,,,13:47:05,2.08,20260812161333,2026-08-12 16:13:33,2026-08-12,1.02,0,0.00000,0.00000,2026-08-12,9195
HYU6,RFUD,3545,3549,4,3580,3622,3526,3543,3,1,3545,-56,29408,310,1915,6809085,82428,15:58:26,0.03,,,,,,,15:56:53,-1.58,20260812161326,2026-08-12 16:13:26,2026-08-12,-1.77,168,0.00000,0.00000,2026-08-12,3543
HYZ6,RFUD,3617,3624,7,3701,3702,3602,3614,2,-1,3617,-69,1734,74,241,875685,10601,15:58:31,-0.03,,,,,,,15:55:55,-1.91,20260812161332,2026-08-12 16:13:32,2026-08-12,-2.09,40,0.00000,0.00000,2026-08-12,3614
I2U6,RFUD,0.8705,0.8735,0.003,0,0,0,0,0,0,0.8712,0,276,0,0,0,0,15:57:38,0,,,,,,,15:57:38,0,20260812161240,2026-08-12 16:12:40,,,0,0.00000,0.00000,2026-08-12,0
I2Z6,RFUD,0.879,0.8868,0.0078,0,0,0,0,0,0,0.8868,0.0011,18,0,0,0,0,15:58:22,0,,,,,,,15:58:22,0.12,20260812161323,2026-08-12 16:13:23,,,0,0.00000,0.00000,2026-08-12,0
IBU6,RFUD,36.4,36.42,0.02,36.39,36.54,36.12,36.4,5,-0.02,36.4,0.3,1221902,966,27125,81187474,982828,15:58:26,-0.05,,,,,,,15:57:21,0.82,20260812161326,2026-08-12 16:13:26,2026-08-12,0.47,9200,36.39000,0.00000,2026-08-12,2998
IBZ6,RFUD,37.63,37.67,0.04,37.51,37.75,37.38,37.62,1,-0.04,37.63,0.26,51156,103,939,2900380,35111,15:57:43,-0.11,,,,,,,15:53:04,0.69,20260812161255,2026-08-12 16:12:55,2026-08-12,0.35,1272,0.00000,0.00000,2026-08-12,3099
IMOEXF,RFUD,2310.5,2311,0.5,2319,2337.5,2302,2311,2,0.5,2311,-13,1955504,39002,633704,14686553600,177790398,15:58:32,0.02,,,,,,,15:58:25,-0.56,20260812161333,2026-08-12 16:13:33,2026-08-12,-0.5,-59956,2319.00000,1.13275,2026-08-12,23110
INU6,RFUD,95.4125,95.8875,0.475,0,0,0,0,0,0,95.7975,0,0,0,0,0,0,15:57:05,0,,,,,,,15:57:05,0,20260812161207,2026-08-12 16:12:07,,,0,0.00000,0.00000,2026-08-12,0
INZ6,RFUD,94.785,96.535,1.75,0,0,0,0,0,0,96.535,-0.12,0,0,0,0,0,15:57:05,0,,,,,,,15:57:05,-0.12,20260812161207,2026-08-12 16:12:07,,,0,0.00000,0.00000,2026-08-12,0
IPU6,RFUD,500,504.5,4.5,523.5,524,493,499.5,9,-1.5,500,-3,2096,30,205,103525,1253,15:41:34,-0.3,,,,,,,15:03:39,-0.6,20260812155636,2026-08-12 15:56:36,2026-08-12,-1.48,44,0.00000,0.00000,2026-08-12,500
IPZ6,RFUD,515,547,32,569,569,501.5,514,6,1,522.5,4.5,868,25,101,52727,638,15:43:08,0.19,,,,,,,14:03:21,0.86,20260812155809,2026-08-12 15:58:09,2026-08-12,-0.29,-48,0.00000,0.00000,2026-08-12,514
IRU6,RFUD,26783,26804,21,26977,27054,26687,26794,1,-11,26794,-196,8740,134,302,8113296,98217,15:58:24,-0.04,,,,,,,15:56:05,-0.73,20260812161325,2026-08-12 16:13:25,2026-08-12,-0.95,-20,0.00000,0.00000,2026-08-12,26794
IRZ6,RFUD,27667,27705,38,27866,27866,27659,27673,1,14,27673,-208,640,6,6,166329,2014,15:58:09,0.05,,,,,,,15:14:41,-0.75,20260812161309,2026-08-12 16:13:09,2026-08-12,-0.87,6,0.00000,0.00000,2026-08-12,27673
ISU6,RFUD,473,477,4,500,500,472,474,5,-3,474,-10,14880,119,1969,945728,11449,15:53:50,-0.63,,,,,,,15:51:52,-2.11,20260812161211,2026-08-12 16:12:11,2026-08-12,-2.07,-512,0.00000,0.00000,2026-08-12,474
ISZ6,RFUD,480,485,5,492,503,481,485,1,-2,485,-6,3206,38,290,142608,1726,15:57:20,-0.41,,,,,,,15:21:16,-1.24,20260812161222,2026-08-12 16:12:22,2026-08-12,-1.22,398,0.00000,0.00000,2026-08-12,485
IVU6,RFUD,6957,6967,10,7162,7202,6780,6967,1,-1,6967,-164,6332,352,1688,11793591,142769,15:56:50,-0.01,,,,,,,15:54:30,-2.35,20260812161151,2026-08-12 16:11:51,2026-08-12,-2.71,-428,0.00000,0.00000,2026-08-12,6967
IVZ6,RFUD,6954,6968,14,7113,7113,6799,6966,1,41,6966,-177,1118,44,104,724005,8765,15:56:38,0.59,,,,,,,15:14:51,-2.54,20260812161138,2026-08-12 16:11:38,2026-08-12,-2.31,122,0.00000,0.00000,2026-08-12,6966
JDU6,RFUD,31.02,32.3,1.28,31,31.6,31,31.6,1,0.08,31.6,-0.38,16,6,8,207682,2514,15:58:30,0.25,,,,,,,14:06:53,-1.2,20260812161331,2026-08-12 16:13:31,2026-08-12,-1.4,6,0.00000,0.00000,2026-08-12,26030
JDZ6,RFUD,31.54,33.13,1.59,31.86,31.86,31.86,31.86,1,0,31.86,0.18,4,1,1,26244,318,15:58:28,0,,,,,,,07:13:43,0.56,20260812161328,2026-08-12 16:13:28,2026-08-12,-2.06,-2,0.00000,0.00000,2026-08-12,26244
JPU6,RFUD,159.11,159.28,0.17,159.7,159.72,159.14,159.32,1,0.18,159.28,-0.09,3598,38,344,28629924,346584,15:55:32,0.11,,,,,,,15:49:35,-0.06,20260812161100,2026-08-12 16:11:00,2026-08-12,-0.17,466,0.00000,0.00000,2026-08-12,83093
JPZ6,RFUD,159.09,160.36,1.27,159.09,159.09,159.05,159.05,1,-0.04,159.09,-0.71,116,2,2,165926,2009,15:56:56,-0.03,,,,,,,07:44:07,-0.45,20260812161157,2026-08-12 16:11:57,2026-08-12,-0.47,0,0.00000,0.00000,2026-08-12,82953
KCQ6,RFUD,3.414,3.416,0.002,3.346,3.43,3.345,3.414,15,-0.001,3.417,0.033,462688,24532,501954,1400759796,16957119,15:58:32,-0.03,,,,,,,15:58:30,0.97,20260812161333,2026-08-12 16:13:33,2026-08-12,2.03,92352,3.34600,0.00000,2026-08-12,2812
KCX6,RFUD,3.282,3.285,0.003,3.257,3.318,3.221,3.285,8,0.002,3.285,0.037,125006,4867,53940,145845614,1765557,15:58:30,0.06,,,,,,,15:58:10,1.13,20260812161331,2026-08-12 16:13:31,2026-08-12,1.08,35762,0.00000,0.00000,2026-08-12,2706
KMU6,RFUD,546,548,2,556,556,547,549,28,2,548,-6,23720,49,392,215585,2610,15:58:28,0.37,,,,,,,15:15:00,-1.09,20260812161328,2026-08-12 16:13:28,2026-08-12,-1.08,188,0.00000,0.00000,2026-08-12,549
KMZ6,RFUD,556,558,2,564,564,556,559,28,3,558,-4,9448,24,190,106234,1286,15:53:45,0.54,,,,,,,15:15:00,-0.72,20260812160846,2026-08-12 16:08:46,2026-08-12,-0.53,-24,0.00000,0.00000,2026-08-12,559
KRU6,RFUD,170.39,172.85,2.46,170.89,172.69,168.31,172.45,10,2.85,172.45,6.25,2316,53,122,1725677,20890,15:58:02,1.68,,,,,,,15:55:11,3.62,20260812161303,2026-08-12 16:13:03,2026-08-12,3.26,116,170.89000,0.00000,2026-08-12,14205
KRZ6,RFUD,175.39,178.76,3.37,176.07,178.55,174.6,177.19,1,2.59,177.19,4.58,74,13,15,217899,2638,15:58:01,1.48,,,,,,,15:55:11,2.58,20260812161302,2026-08-12 16:13:02,2026-08-12,2.4,-6,0.00000,0.00000,2026-08-12,14596
KZU6,RFUD,17.101,17.999,0.898,0,0,0,0,0,0,17.706,0.094,194,0,0,0,0,15:58:22,0,,,,,,,15:58:22,0.53,20260812161323,2026-08-12 16:13:23,,,0,0.00000,0.00000,2026-08-12,0
KZZ6,RFUD,17.278,18.471,1.193,17.115,17.115,17.115,17.115,1,0,17.397,-0.123,6,1,1,17120,207,15:58:15,0,,,,,,,12:02:13,-0.71,20260812161316,2026-08-12 16:13:16,2026-08-12,-4.21,0,0.00000,0.00000,2026-08-12,17115
LDH7,RFUD,1443.3,1459.2,15.9,1410,1467.3,1401.2,1435.2,1,0.2,1443.3,25.9,110,11,15,177824,2153,15:58:15,0.01,,,,,,,15:30:08,1.79,20260812161316,2026-08-12 16:13:16,2026-08-12,1.9,12,0.00000,0.00000,2026-08-12,11822
LDM7,RFUD,1477.6,1508,30.4,1435.4,1517,1435.4,1470.7,1,-46.3,1477.6,-11.1,74,8,8,97711,1183,15:57:21,-3.05,,,,,,,13:42:17,-0.75,20260812161315,2026-08-12 16:13:15,2026-08-12,-1.28,0,0.00000,0.00000,2026-08-12,12115
LDU6,RFUD,1398.8,1399.2,0.4,1377.9,1408.6,1368.7,1398.8,2,1.6,1397.3,23.6,9178,792,2267,25905208,313600,15:58:29,0.11,,,,,,,15:58:14,1.69,20260812161330,2026-08-12 16:13:30,2026-08-12,2.02,-388,0.00000,0.00000,2026-08-12,11522
LDZ6,RFUD,1429.1,1430.6,1.5,1399.8,1440,1399.6,1430,2,13.5,1430,28.2,940,61,96,1120562,13565,15:58:22,0.95,,,,,,,15:39:53,1.97,20260812161323,2026-08-12 16:13:23,2026-08-12,2.27,2,0.00000,0.00000,2026-08-12,11779
LEU6,RFUD,669,673,4,672,672,672,672,1,0,672,0,2430,3,3,2016,24,15:56:22,0,,,,,,,12:03:48,0,20260812161123,2026-08-12 16:11:23,2026-08-12,0,4,0.00000,0.00000,2026-08-12,672
LKH7,RFUD,47372,47614,242,48239,48436,47241,47241,1,-1195,47372,-297,248,4,4,192155,2326,15:58:08,-2.47,,,,,,,13:29:22,-0.63,20260812161320,2026-08-12 16:13:20,2026-08-12,-1.27,2,0.00000,0.00000,2026-08-12,47241
LKM7,RFUD,47553,47832,279,48982,48982,47931,47931,1,-1,47832,-86,124,4,4,193413,2341,15:58:24,0,,,,,,,10:23:31,-0.18,20260812161325,2026-08-12 16:13:25,2026-08-12,-0.45,0,0.00000,0.00000,2026-08-12,47931
LKU6,RFUD,47479,47500,21,47835,48090,47267,47479,1,1,47484,-351,86820,2736,6544,311317158,3768699,15:58:31,0,,,,,,,15:58:28,-0.74,20260812161333,2026-08-12 16:13:33,2026-08-12,-0.8,-4,0.00000,0.00000,2026-08-12,47479
LKZ6,RFUD,47579,47618,39,48064,48450,47442,47580,1,-37,47584,-351,2830,68,76,3623793,43868,15:58:32,-0.08,,,,,,,15:37:37,-0.74,20260812161333,2026-08-12 16:13:33,2026-08-12,-0.72,30,0.00000,0.00000,2026-08-12,47580
LNU6,RFUD,2038,2042,4,1998,2072,1998,2038,1,-3,2041,62,40546,1500,9175,18690038,226255,15:58:18,-0.15,,,,,,,15:58:17,3.04,20260812161330,2026-08-12 16:13:30,2026-08-12,2.67,1252,0.00000,0.00000,2026-08-12,2038
LNZ6,RFUD,1999,2010,11,1990,2030,1989,1999,1,-10,2009,57,1518,63,394,792976,9600,15:58:18,-0.5,,,,,,,15:58:17,2.84,20260812161330,2026-08-12 16:13:30,2026-08-12,2.04,-6,0.00000,0.00000,2026-08-12,1999
LTH7,RFUD,1884.7,1903.6,18.9,0,0,0,0,0,0,1903.6,37.1,208,0,0,0,0,15:58:31,0,,,,,,,15:58:31,1.95,20260812161332,2026-08-12 16:13:32,,,0,0.00000,0.00000,2026-08-12,0
LTM7,RFUD,1861.6,1931.2,69.6,0,0,0,0,0,0,1931.2,37.1,20,0,0,0,0,15:58:31,0,,,,,,,15:58:31,1.92,20260812161332,2026-08-12 16:13:32,,,0,0.00000,0.00000,2026-08-12,0
LTU6,RFUD,1808.8,1809.2,0.4,1779.9,1830,1777.7,1809,1,0.2,1806.7,34.2,12590,2376,7280,108399611,1312249,15:58:32,0.01,,,,,,,15:58:30,1.89,20260812161333,2026-08-12 16:13:33,2026-08-12,2.04,-790,0.00000,0.00000,2026-08-12,14901
LTZ6,RFUD,1844.9,1848.8,3.9,1827.2,1868.2,1824.5,1855.3,2,17.3,1847.8,29.8,908,110,206,3139197,38002,15:58:31,0.94,,,,,,,15:40:18,1.61,20260812161332,2026-08-12 16:13:32,2026-08-12,1.98,46,0.00000,0.00000,2026-08-12,15283
MAU6,RFUD,4726,4740,14,4737,4737,4737,4737,2,0,4737,-6,2382,2,5,23685,287,15:58:30,0,,,,,,,14:03:05,-0.13,20260812161331,2026-08-12 16:13:31,2026-08-12,-1.17,-6,0.00000,0.00000,2026-08-12,4737
MAZ6,RFUD,4700,4824,124,0,0,0,0,0,0,4824,-8,48,0,0,0,0,15:57:53,0,,,,,,,15:57:53,-0.17,20260812161253,2026-08-12 16:12:53,,,0,0.00000,0.00000,2026-08-12,0
MCU6,RFUD,3907,3913,6,4080,4119,3888,3910,1,-2,3910,-128,126656,4002,15657,62159567,752482,15:58:31,-0.05,,,,,,,15:55:58,-3.27,20260812161332,2026-08-12 16:13:32,2026-08-12,-3.67,-570,0.00000,0.00000,2026-08-12,3910
MCZ6,RFUD,3933,3943,10,4106,4131,3915,3948,1,23,3943,-114,9680,146,452,1799568,21785,15:58:21,0.59,,,,,,,15:15:55,-2.89,20260812161322,2026-08-12 16:13:22,2026-08-12,-3.12,116,0.00000,0.00000,2026-08-12,3948
MDU6,RFUD,13721,13730,9,13756,14074,13709,13709,5,-3,13721,100,4650,138,675,9371899,113453,15:58:11,-0.02,,,,,,,15:49:00,0.73,20260812161311,2026-08-12 16:13:11,2026-08-12,-0.08,414,0.00000,0.00000,2026-08-12,13709
MDZ6,RFUD,13981,13989,8,14056,14261,13981,13981,1,-14,13981,114,562,35,68,960569,11628,15:58:25,-0.1,,,,,,,15:48:32,0.82,20260812161325,2026-08-12 16:13:25,2026-08-12,0.05,-30,0.00000,0.00000,2026-08-12,13981
MEU6,RFUD,16155,16165,10,16347,16373,16000,16160,6,-1,16161,-166,141416,1561,6981,112519278,1362120,15:58:32,-0.01,,,,,,,15:58:10,-1.03,20260812161333,2026-08-12 16:13:33,2026-08-12,-0.79,-1978,0.00000,0.00000,2026-08-12,16160
MEZ6,RFUD,16699,16711,12,16864,16895,16570,16672,1,-17,16695,-180,1722,104,173,2890545,34992,15:58:32,-0.1,,,,,,,14:47:42,-1.08,20260812161333,2026-08-12 16:13:33,2026-08-12,-0.94,40,0.00000,0.00000,2026-08-12,16672
MFQ6,RFUD,0,0,0,0,0,0,0,0,0,83.58,0,0,0,0,0,0,10:29:22,0,,,,,,,10:29:22,0,20260812104423,2026-08-12 10:44:23,,,0,0.00000,0.00000,2026-08-12,0
MFU6,RFUD,0,0,0,0,0,0,0,0,0,83.58,0,0,0,0,0,0,02:01:25,0,,,,,,,02:01:25,0,20260812070457,2026-08-12 07:04:57,,,0,0.00000,0.00000,2026-08-12,0
MGU6,RFUD,22423,22442,19,22848,23004,22251,22423,1,-14,22437,-401,34736,2237,5639,126843354,1535522,15:58:32,-0.06,,,,,,,15:58:30,-1.79,20260812161333,2026-08-12 16:13:33,2026-08-12,-2.13,-124,0.00000,0.00000,2026-08-12,22423
MGZ6,RFUD,23109,23137,28,23498,23584,22951,23132,1,6,23132,-422,1900,203,320,7397824,89556,15:58:32,0.03,,,,,,,15:55:45,-1.82,20260812161333,2026-08-12 16:13:33,2026-08-12,-1.8,-108,0.00000,0.00000,2026-08-12,23132
MMH7,RFUD,2442.85,2447.1,4.25,2451,2465,2438.55,2446,1,2.15,2446,-7.1,2946,89,116,2836847,34342,15:58:32,0.09,,,,,,,15:17:38,-0.29,20260812161333,2026-08-12 16:13:33,2026-08-12,-0.29,-54,0.00000,0.00000,2026-08-12,24460
MMH8,RFUD,2691.05,2774,82.95,0,0,0,0,0,0,2692.45,-56.9,70,0,0,0,0,15:58:32,0,,,,,,,15:58:32,-2.11,20260812161333,2026-08-12 16:13:33,,,0,0.00000,0.00000,2026-08-12,0
MMM7,RFUD,2510.45,2518.05,7.6,2523.05,2523.7,2509.05,2509.05,1,-14.65,2510.4,-17.7,1536,5,5,125829,1523,15:58:32,-0.58,,,,,,,15:05:08,-0.71,20260812161333,2026-08-12 16:13:33,2026-08-12,-0.55,0,0.00000,0.00000,2026-08-12,25090
MMM8,RFUD,2744,2840,96,0,0,0,0,0,0,2753.35,-46.65,80,0,0,0,0,15:58:16,0,,,,,,,15:58:16,-1.69,20260812161325,2026-08-12 16:13:25,,,0,0.00000,0.00000,2026-08-12,0
MMU6,RFUD,2341.05,2341.25,0.2,2354.6,2367.95,2331,2341.2,1,0.05,2341,-14.55,309962,44903,183018,4295376579,51998361,15:58:31,0,,,,,,,15:58:29,-0.62,20260812161332,2026-08-12 16:13:32,2026-08-12,-0.57,-13176,2354.60000,0.00000,2026-08-12,23412
MMU7,RFUD,2563,2609,46,2563,2569.05,2563,2563,1,-0.1,2563,-5,662,8,16,410150,4965,15:58:28,0,,,,,,,15:05:11,-0.2,20260812161328,2026-08-12 16:13:28,2026-08-12,-1,-14,0.00000,0.00000,2026-08-12,25630
MMZ6,RFUD,2389.2,2389.6,0.4,2398,2412.25,2380.6,2389.2,9,0.95,2389.2,-10.85,23708,2185,4446,106444670,1288583,15:58:30,0.04,,,,,,,15:57:55,-0.45,20260812161331,2026-08-12 16:13:31,2026-08-12,-0.45,1256,0.00000,0.00000,2026-08-12,23892
MMZ7,RFUD,2629,2684.85,55.85,2685,2685,2664.15,2664.15,1,-20.85,2632.2,-44,1074,4,4,107192,1298,15:58:26,-0.78,,,,,,,11:52:32,-1.67,20260812161326,2026-08-12 16:13:26,2026-08-12,-0.33,2,0.00000,0.00000,2026-08-12,26642
MNU6,RFUD,1853,1854,1,1896,1918,1838,1854,5,1,1853,-39,287200,4449,73013,136789120,1655922,15:58:32,0.05,,,,,,,15:58:30,-2.1,20260812161333,2026-08-12 16:13:33,2026-08-12,-2.27,-16190,0.00000,0.00000,2026-08-12,1854
MNZ6,RFUD,1917,1919,2,1959,1982,1902,1914,12,-1,1916,-41,45470,797,5908,11456839,138693,15:58:32,-0.05,,,,,,,15:46:38,-2.14,20260812161333,2026-08-12 16:13:33,2026-08-12,-2.4,4186,0.00000,0.00000,2026-08-12,1914
MTU6,RFUD,19876,19895,19,19923,20109,19855,19904,1,16,19895,-91,18990,447,978,19538913,236531,15:58:32,0.08,,,,,,,15:53:39,-0.46,20260812161333,2026-08-12 16:13:33,2026-08-12,0.26,-308,0.00000,0.00000,2026-08-12,19904
MTZ6,RFUD,20355,20388,33,20509,20561,20357,20415,2,16,20388,-106,1178,33,49,999264,12097,15:58:32,0.08,,,,,,,15:16:05,-0.52,20260812161333,2026-08-12 16:13:33,2026-08-12,0.14,-58,0.00000,0.00000,2026-08-12,20415
MVU6,RFUD,472,473,1,488,490,470,471,78,-1,471,-12,144348,146,8039,3849930,46606,15:58:32,-0.21,,,,,,,15:55:47,-2.55,20260812161333,2026-08-12 16:13:33,2026-08-12,-2.48,10570,0.00000,0.00000,2026-08-12,471
MVZ6,RFUD,448,454,6,466,466,448,448,1,-6,448,-14,12110,29,346,157339,1905,15:58:32,-1.32,,,,,,,15:30:45,-3.12,20260812161333,2026-08-12 16:13:33,2026-08-12,-4.07,-138,0.00000,0.00000,2026-08-12,448
MXH7,RFUD,244125,244925,800,245650,246675,243975,243975,1,-25,244125,-1475,662,53,53,12968950,156998,15:58:30,-0.01,,,,,,,15:10:45,-0.6,20260812161331,2026-08-12 16:13:31,2026-08-12,-0.54,-30,0.00000,0.00000,2026-08-12,243975
MXH8,RFUD,273325,277325,4000,0,0,0,0,0,0,277325,-1225,20,0,0,0,0,15:58:04,0,,,,,,,15:58:04,-0.44,20260812161320,2026-08-12 16:13:20,,,0,0.00000,0.00000,2026-08-12,0
MXM7,RFUD,250500,251750,1250,252000,253000,251050,251050,1,-400,251050,-450,338,4,4,1007500,12196,15:58:26,-0.16,,,,,,,12:13:11,-0.18,20260812161326,2026-08-12 16:13:26,2026-08-12,-0.18,4,0.00000,0.00000,2026-08-12,251050
MXM8,RFUD,280150,283750,3600,0,0,0,0,0,0,283775,-1275,6,0,0,0,0,15:58:27,0,,,,,,,15:58:27,-0.45,20260812161327,2026-08-12 16:13:27,,,0,0.00000,0.00000,2026-08-12,0
MXU6,RFUD,234125,234150,25,235500,236775,233075,234150,1,25,234150,-1400,310936,52215,152570,35813176575,433542074,15:58:32,0.01,,,,,,,15:58:31,-0.6,20260812161333,2026-08-12 16:13:33,2026-08-12,-0.55,10594,235500.00000,0.00000,2026-08-12,234150
MXU7,RFUD,254475,256650,2175,255700,255700,255700,255700,1,0,255700,-1275,118,1,1,255700,3095,15:58:19,0,,,,,,,13:22:39,-0.5,20260812161320,2026-08-12 16:13:20,2026-08-12,0,0,0.00000,0.00000,2026-08-12,255700
MXZ6,RFUD,238875,238925,50,239675,241275,237950,238700,1,-250,238875,-1250,10436,1027,1297,310488875,3758672,15:58:32,-0.1,,,,,,,15:49:12,-0.52,20260812161333,2026-08-12 16:13:33,2026-08-12,-0.54,-114,0.00000,0.00000,2026-08-12,238700
MXZ7,RFUD,263625,265600,1975,0,0,0,0,0,0,265600,-1275,54,0,0,0,0,15:58:32,0,,,,,,,15:58:32,-0.48,20260812161333,2026-08-12 16:13:33,,,0,0.00000,0.00000,2026-08-12,0
MYU6,RFUD,873,873.4,0.4,882.6,882.6,870.5,871.6,5,1.1,873,-6.3,6586,10,2055,21957184,265806,15:58:31,0.13,,,,,,,13:01:38,-0.72,20260812161332,2026-08-12 16:13:32,2026-08-12,-1.18,-12,0.00000,0.00000,2026-08-12,10671
MYZ6,RFUD,872.2,882.5,10.3,0,0,0,0,0,0,882.5,3.4,268,0,0,0,0,15:58:28,0,,,,,,,15:58:28,0.39,20260812161328,2026-08-12 16:13:28,,,0,0.00000,0.00000,2026-08-12,0
N2U6,RFUD,70623,70751,128,69525,70752,69397,70615,1,-137,70619,1327,22698,177,891,3259836,39462,15:58:29,-0.19,,,,,,,15:57:09,1.88,20260812161330,2026-08-12 16:13:30,2026-08-12,1.84,54,0.00000,0.00000,2026-08-12,3683
N2Z6,RFUD,69826,70060,234,68930,69810,68930,69810,3,284,69822,990,4462,23,79,286461,3468,15:58:29,0.41,,,,,,,15:53:43,1.42,20260812161330,2026-08-12 16:13:30,2026-08-12,1.8,40,0.00000,0.00000,2026-08-12,3641
NAH7,RFUD,29772,29799,27,29655,29800,29563,29799,1,23,29799,223,6332,76,101,2469428,29894,15:58:32,0.08,,,,,,,15:49:39,0.75,20260812161333,2026-08-12 16:13:33,2026-08-12,0.88,60,0.00000,0.00000,2026-08-12,24547
NAM7,RFUD,29987,30019,32,29818,30002,29802,29917,1,-85,29987,186,2394,17,20,492914,5967,15:58:32,-0.28,,,,,,,15:30:12,0.62,20260812161333,2026-08-12 16:13:33,2026-08-12,0.73,-10,0.00000,0.00000,2026-08-12,24644
NAU6,RFUD,29738,29740,2,29533,29790,29521,29736,1,-2,29738,227,761028,7336,62321,1522903090,18435744,15:58:32,-0.01,,,,,,,15:58:14,0.76,20260812161333,2026-08-12 16:13:33,2026-08-12,0.72,2726,0.00000,0.00000,2026-08-12,24495
NAZ6,RFUD,29823,29826,3,29603,29860,29599,29830,1,15,29825,245,105366,1165,3994,97881607,1184921,15:58:32,0.05,,,,,,,15:56:53,0.82,20260812161333,2026-08-12 16:13:33,2026-08-12,0.78,2512,0.00000,0.00000,2026-08-12,24572
NBU6,RFUD,294,295,1,297,299,294,295,100,1,295,-2,135980,159,13934,4130261,50000,15:57:40,0.34,,,,,,,15:57:17,-0.68,20260812161246,2026-08-12 16:12:46,2026-08-12,-0.34,1414,0.00000,0.00000,2026-08-12,295
NBZ6,RFUD,288,289,1,290,291,288,288,30,-1,288,0,37614,28,406,117112,1418,15:57:46,-0.35,,,,,,,15:55:18,0,20260812161247,2026-08-12 16:12:47,2026-08-12,0,-676,0.00000,0.00000,2026-08-12,288
NCU6,RFUD,16850,16890,40,16780,16870,16700,16870,154,10,16870,165,3646,22,247,3422821,41436,15:58:32,0.06,,,,,,,13:42:46,0.98,20260812161333,2026-08-12 16:13:33,2026-08-12,0.6,-20,0.00000,0.00000,2026-08-12,13897
NCZ6,RFUD,17110,17150,40,17145,17145,17145,17145,1,0,17145,10,88,1,1,14123,171,15:58:32,0,,,,,,,13:17:51,0.06,20260812161333,2026-08-12 16:13:33,2026-08-12,-0.03,-2,0.00000,0.00000,2026-08-12,14123
NDU6,RFUD,9.042,9.068,0.026,9.008,9.033,9.008,9.033,1,0.01,9.042,-0.013,574,3,3,22290,270,15:58:21,0.11,,,,,,,14:21:13,-0.14,20260812161322,2026-08-12 16:13:22,2026-08-12,-0.21,0,0.00000,0.00000,2026-08-12,7441
NDZ6,RFUD,9.08,9.265,0.185,0,0,0,0,0,0,9.225,-0.013,18,0,0,0,0,15:58:21,0,,,,,,,15:58:21,-0.14,20260812161322,2026-08-12 16:13:22,,,0,0.00000,0.00000,2026-08-12,0
NGF7,RFUD,3.951,3.973,0.022,3.996,3.999,3.932,3.973,1,0.001,3.973,0.05,806,9,13,426369,5161,15:58:12,0.03,,,,,,,12:45:03,1.26,20260812161315,2026-08-12 16:13:15,2026-08-12,1.27,14,0.00000,0.00000,2026-08-12,32727
NGG7,RFUD,3.273,3.298,0.025,3.261,3.31,3.261,3.31,15,0.038,3.298,0.008,742,7,28,760149,9202,15:57:38,1.16,,,,,,,11:37:57,0.24,20260812161315,2026-08-12 16:13:15,2026-08-12,0.64,32,0.00000,0.00000,2026-08-12,27266
NGQ6,RFUD,2.822,2.823,0.001,2.779,2.834,2.77,2.823,5,-0.001,2.822,0.055,556054,30524,285355,6588850226,79762369,15:58:32,-0.04,,,,,,,15:58:31,1.95,20260812161333,2026-08-12 16:13:33,2026-08-12,2.43,-4768,2.77900,0.00000,2026-08-12,23254
NGU6,RFUD,2.884,2.885,0.001,2.843,2.893,2.834,2.884,1,-0.001,2.885,0.053,95962,8477,29919,706349045,8550820,15:58:30,-0.03,,,,,,,15:58:12,1.84,20260812161331,2026-08-12 16:13:31,2026-08-12,2.12,-4240,0.00000,0.00000,2026-08-12,23757
NGV6,RFUD,3.145,3.149,0.004,3.132,3.15,3.113,3.142,1,-0.003,3.144,0.029,13984,536,1096,28343562,343117,15:58:31,-0.1,,,,,,,15:54:43,0.92,20260812161332,2026-08-12 16:13:32,2026-08-12,1.09,-16,0.00000,0.00000,2026-08-12,25882
NGX6,RFUD,3.765,3.77,0.005,3.756,3.77,3.737,3.77,2,0.003,3.77,0.036,2992,64,78,2414635,29231,15:58:31,0.08,,,,,,,15:52:42,0.95,20260812161332,2026-08-12 16:13:32,2026-08-12,1.02,20,0.00000,0.00000,2026-08-12,31055
NGZ6,RFUD,4.198,4.2,0.002,4.19,4.225,4.176,4.193,1,0.001,4.198,0.019,3744,19,19,656358,7946,15:58:15,0.02,,,,,,,15:02:21,0.45,20260812161316,2026-08-12 16:13:16,2026-08-12,0.38,10,0.00000,0.00000,2026-08-12,34540
NMU6,RFUD,7668,7670,2,7775,7791,7599,7668,2,1,7668,-63,60980,1939,8255,63395549,767445,15:58:23,0.01,,,,,,,15:55:41,-0.82,20260812161324,2026-08-12 16:13:24,2026-08-12,-1.12,196,0.00000,0.00000,2026-08-12,7668
NMZ6,RFUD,7918,7922,4,8017,8025,7850,7884,2,34,7918,-60,3374,97,236,1876032,22711,15:58:23,0.43,,,,,,,13:21:45,-0.76,20260812161325,2026-08-12 16:13:25,2026-08-12,-1.55,166,0.00000,0.00000,2026-08-12,7884
NOU6,RFUD,152.83,153.26,0.43,154.4,154.4,154.4,154.4,2,0,153.26,-2.66,130,1,2,25437,308,15:58:23,0,,,,,,,10:20:36,-1.74,20260812161324,2026-08-12 16:13:24,2026-08-12,0,0,0.00000,0.00000,2026-08-12,12719
NOZ6,RFUD,155.54,156.42,0.88,0,0,0,0,0,0,155.96,-2.9,12,0,0,0,0,15:58:23,0,,,,,,,15:58:23,-1.86,20260812161324,2026-08-12 16:13:24,,,0,0.00000,0.00000,2026-08-12,0
NRF7,RFUD,3.972,3.979,0.007,4.005,4.005,3.937,3.979,23,0.001,3.979,-0.01,9376,84,430,140925,1706,15:57:21,0.03,,,,,,,15:54:54,-0.25,20260812161223,2026-08-12 16:12:23,2026-08-12,0.91,488,0.00000,0.00000,2026-08-12,328
NRG7,RFUD,3.341,3.377,0.036,3.429,3.429,3.323,3.378,4,0.038,3.377,-0.006,21002,109,384,106321,1287,15:58:21,1.14,,,,,,,15:41:09,-0.18,20260812161322,2026-08-12 16:13:22,2026-08-12,1.35,122,0.00000,0.00000,2026-08-12,278
NRQ6,RFUD,2.821,2.824,0.003,2.767,2.833,2.767,2.822,10,-0.002,2.823,0.055,1980468,11466,735777,169826283,2055859,15:58:32,-0.07,,,,,,,15:58:28,1.95,20260812161333,2026-08-12 16:13:33,2026-08-12,2.25,86220,2.76700,0.00000,2026-08-12,232
NRU6,RFUD,2.885,2.887,0.002,2.85,2.895,2.838,2.884,285,-0.002,2.885,0.048,596870,2221,78758,18617188,225373,15:58:32,-0.07,,,,,,,15:57:50,1.66,20260812161333,2026-08-12 16:13:33,2026-08-12,1.76,-38482,0.00000,0.00000,2026-08-12,238
NRV6,RFUD,3.146,3.151,0.005,3.136,3.152,3.119,3.148,60,0.009,3.148,0.03,116710,298,4240,1096397,13273,15:58:30,0.29,,,,,,,15:53:46,0.95,20260812161331,2026-08-12 16:13:31,2026-08-12,1.03,-204,0.00000,0.00000,2026-08-12,259
NRX6,RFUD,3.761,3.768,0.007,3.755,3.769,3.75,3.765,2,0.013,3.765,0.025,30552,54,294,91057,1102,15:58:16,0.35,,,,,,,15:17:52,0.66,20260812161317,2026-08-12 16:13:17,2026-08-12,0.43,28,0.00000,0.00000,2026-08-12,310
NRZ6,RFUD,4.194,4.2,0.006,4.233,4.233,4.182,4.2,3,0.016,4.2,0.01,11936,52,297,102803,1245,15:58:15,0.38,,,,,,,15:47:12,0.24,20260812161316,2026-08-12 16:13:16,2026-08-12,0,-366,0.00000,0.00000,2026-08-12,346
NVU6,RFUD,10451,10456,5,10577,10620,10400,10458,1,1,10456,-70,125318,2671,13035,136618126,1653852,15:58:32,0.01,,,,,,,15:55:02,-0.67,20260812161333,2026-08-12 16:13:33,2026-08-12,-0.88,-1148,0.00000,0.00000,2026-08-12,10458
NVZ6,RFUD,10528,10538,10,10632,10689,10483,10532,1,-2,10532,-62,9030,245,596,6301805,76288,15:58:32,-0.02,,,,,,,15:48:55,-0.59,20260812161333,2026-08-12 16:13:33,2026-08-12,-0.9,46,0.00000,0.00000,2026-08-12,10532
OGU6,RFUD,6169,6180,11,6242,6242,6153,6162,2,9,6169,-38,1052,6,11,68013,823,15:57:22,0.15,,,,,,,14:40:17,-0.62,20260812161255,2026-08-12 16:12:55,2026-08-12,-0.8,4,0.00000,0.00000,2026-08-12,6162
OGZ6,RFUD,6434,6544,110,6500,6500,6500,6500,3,0,6500,9,94,2,4,26000,315,15:57:22,0,,,,,,,12:07:25,0.14,20260812161255,2026-08-12 16:12:55,2026-08-12,-0.06,8,0.00000,0.00000,2026-08-12,6500
OJU6,RFUD,1.462,1.464,0.002,1.46,1.47,1.449,1.464,6,0.002,1.463,0.01,39768,484,1312,15792699,191181,15:58:30,0.14,,,,,,,15:58:20,0.68,20260812161331,2026-08-12 16:13:31,2026-08-12,0.48,808,0.00000,0.00000,2026-08-12,12060
OJX6,RFUD,1.549,1.554,0.005,1.561,1.562,1.544,1.549,1,0.001,1.549,0.004,3682,101,185,2364304,28621,15:58:20,0.06,,,,,,,15:52:29,0.26,20260812161321,2026-08-12 16:13:21,2026-08-12,-0.32,142,0.00000,0.00000,2026-08-12,12760
ONU6,RFUD,3333,3336,3,3247,3375,3247,3335,10,2,3334,85,491224,26737,376258,1249361715,15124346,15:58:32,0.06,,,,,,,15:58:08,2.55,20260812161333,2026-08-12 16:13:33,2026-08-12,2.65,8800,0.00000,0.00000,2026-08-12,3335
ONZ6,RFUD,3437,3442,5,3349,3480,3349,3441,10,-1,3441,87,50200,4759,27938,95740462,1159001,15:58:32,-0.03,,,,,,,15:58:01,2.53,20260812161333,2026-08-12 16:13:33,2026-08-12,2.78,3270,3349.00000,0.00000,2026-08-12,3441
PDH7,RFUD,1440.36,1447.71,7.35,1423.97,1439.25,1423.97,1439.25,1,2.92,1440.36,20.38,168,4,4,471807,5712,15:58:32,0.2,,,,,,,15:33:12,1.41,20260812161333,2026-08-12 16:13:33,2026-08-12,2,-2,0.00000,0.00000,2026-08-12,118557
PDM7,RFUD,1468.63,1479.14,10.51,1453.36,1453.36,1453.36,1453.36,1,0,1468.5,17.35,100,1,1,119719,1449,15:58:32,0,,,,,,,09:49:07,1.18,20260812161333,2026-08-12 16:13:33,2026-08-12,0,-2,0.00000,0.00000,2026-08-12,119719
PDU6,RFUD,1398.28,1399.07,0.79,1375.73,1409.25,1370.04,1398.17,1,0.52,1398.17,24.17,51762,3835,8833,1012849146,12261206,15:58:32,0.04,,,,,,,15:58:05,1.73,20260812161333,2026-08-12 16:13:33,2026-08-12,1.98,978,0.00000,0.00000,2026-08-12,115173
PDZ6,RFUD,1428.04,1429.41,1.37,1407.34,1438,1399.99,1427.42,1,1.71,1427.48,25.4,1304,177,188,22032526,266718,15:58:32,0.12,,,,,,,15:57:13,1.78,20260812161333,2026-08-12 16:13:33,2026-08-12,2.18,0,0.00000,0.00000,2026-08-12,117582
PHU6,RFUD,5721,5726,5,5802,5820,5687,5726,1,1,5725,-72,25994,967,5218,29921387,362218,15:58:25,0.02,,,,,,,15:58:09,-1.26,20260812161325,2026-08-12 16:13:25,2026-08-12,-0.93,-918,0.00000,0.00000,2026-08-12,5726
PHZ6,RFUD,5851,5857,6,5897,5935,5808,5854,3,32,5854,-39,5198,49,77,451435,5465,15:58:24,0.55,,,,,,,15:17:06,-0.67,20260812161325,2026-08-12 16:13:25,2026-08-12,-0.8,56,0.00000,0.00000,2026-08-12,5854
PIU6,RFUD,5572,5585,13,5605,5625,5513,5583,1,41,5583,-21,12842,130,988,5508403,66683,15:58:31,0.74,,,,,,,15:46:42,-0.38,20260812161332,2026-08-12 16:13:32,2026-08-12,-0.73,138,0.00000,0.00000,2026-08-12,5583
PSU6,RFUD,1015,1016,1,1028,1032,1004,1015,9,-1,1016,-10,213158,1016,18468,18697334,226344,15:58:16,-0.1,,,,,,,15:52:13,-0.98,20260812161320,2026-08-12 16:13:20,2026-08-12,-1.26,2248,0.00000,0.00000,2026-08-12,1015
PSZ6,RFUD,1037,1039,2,1050,1050,1026,1039,6,9,1039,-7,16336,160,1790,1851271,22411,15:58:32,0.87,,,,,,,15:17:27,-0.67,20260812161333,2026-08-12 16:13:33,2026-08-12,-0.76,140,0.00000,0.00000,2026-08-12,1039
PTH7,RFUD,1876.8,1883.7,6.9,1864.5,1887.7,1856.6,1876.5,1,-1,1876.6,23.7,270,21,21,3242257,39250,15:58:32,-0.05,,,,,,,15:30:08,1.26,20260812161333,2026-08-12 16:13:33,2026-08-12,-0.29,16,0.00000,0.00000,2026-08-12,154575
PTM7,RFUD,1899.5,1909.2,9.7,1898,1913.3,1898,1903.9,1,-1.1,1903.9,26.8,90,6,6,940763,11389,15:58:14,-0.06,,,,,,,15:30:07,1.41,20260812161315,2026-08-12 16:13:15,2026-08-12,1.34,-4,0.00000,0.00000,2026-08-12,156832
PTU6,RFUD,1808.7,1809.7,1,1779.7,1833,1776.3,1809.6,1,0.1,1807.7,35,137886,8645,22039,3280312229,39710339,15:58:32,0.01,,,,,,,15:58:32,1.94,20260812161333,2026-08-12 16:13:33,2026-08-12,2.17,4868,1779.70000,0.00000,2026-08-12,149064
PTZ6,RFUD,1845.5,1847.5,2,1824.2,1868.8,1821.4,1855.4,1,1.1,1846.3,29.2,1086,245,269,40772601,493579,15:58:32,0.06,,,,,,,15:43:51,1.58,20260812161333,2026-08-12 16:13:33,2026-08-12,2.25,-42,0.00000,0.00000,2026-08-12,152837
PXU6,RFUD,13179,13187,8,13498,13531,13086,13170,1,-9,13171,-267,138570,4323,16359,217397519,2631740,15:58:32,-0.07,,,,,,,15:58:03,-2.03,20260812161333,2026-08-12 16:13:33,2026-08-12,-1.99,-338,0.00000,0.00000,2026-08-12,13170
PXZ6,RFUD,13635,13644,9,13968,13989,13557,13616,5,12,13627,-280,8050,538,1091,15022407,181856,15:58:32,0.09,,,,,,,15:57:36,-2.05,20260812161333,2026-08-12 16:13:33,2026-08-12,-2.18,458,0.00000,0.00000,2026-08-12,13616
QQQF,RFUD,724.3,725,0.7,720.8,724.2,720.8,724.2,89,1.2,724.2,5,1332,8,123,7333800,88780,15:58:32,0.17,,,,,,,15:29:22,0.69,20260812161333,2026-08-12 16:13:33,2026-08-12,0.86,244,0.00000,0.00000,2026-08-12,59655
R2U6,RFUD,302.1,302.8,0.7,301.4,302,300.8,302,1,1.2,302.1,1.7,1412,4,5,124138,1503,15:49:28,0.4,,,,,,,15:33:34,0.56,20260812160505,2026-08-12 16:05:05,2026-08-12,0.37,0,0.00000,0.00000,2026-08-12,24877
R2Z6,RFUD,302.3,303.4,1.1,0,0,0,0,0,0,303.4,2.7,66,0,0,0,0,15:57:50,0,,,,,,,15:57:50,0.89,20260812161250,2026-08-12 16:12:50,,,0,0.00000,0.00000,2026-08-12,0
RAU6,RFUD,1274,1278,4,1266,1307,1266,1278,9,-2,1278,23,25552,796,8436,10850346,131351,15:58:25,-0.16,,,,,,,15:58:25,1.8,20260812161325,2026-08-12 16:13:25,2026-08-12,1.59,1234,0.00000,0.00000,2026-08-12,1278
RAZ6,RFUD,1290,1299,9,1290,1320,1290,1304,4,14,1299,24,3938,26,128,166049,2010,15:58:25,1.09,,,,,,,15:17:37,1.85,20260812161325,2026-08-12 16:13:25,2026-08-12,1.56,58,0.00000,0.00000,2026-08-12,1304
RBH7,RFUD,11695,11703,8,11675,11708,11671,11695,1,-1,11695,18,60964,41,75,876259,10608,15:56:19,-0.01,,,,,,,15:08:47,0.15,20260812161125,2026-08-12 16:11:25,2026-08-12,0.07,-68,0.00000,0.00000,2026-08-12,11695
RBM7,RFUD,11703,11754,51,11742,11742,11742,11742,1,0,11742,14,7148,1,1,11742,142,15:53:28,0,,,,,,,12:15:33,0.12,20260812161125,2026-08-12 16:11:25,2026-08-12,0.09,-2,0.00000,0.00000,2026-08-12,11742
RBU6,RFUD,11573,11575,2,11583,11590,11564,11575,15,1,11575,6,866598,4056,21529,249286990,3017783,15:57:13,0.01,,,,,,,15:55:58,0.05,20260812161214,2026-08-12 16:12:14,2026-08-12,-0.04,-3316,0.00000,0.00000,2026-08-12,11575
RBZ6,RFUD,11652,11654,2,11652,11664,11632,11654,15,-2,11654,17,126290,2061,2976,34681463,419842,15:58:24,-0.02,,,,,,,15:55:58,0.15,20260812161325,2026-08-12 16:13:25,2026-08-12,0.03,1750,0.00000,0.00000,2026-08-12,11654
RDU6,RFUD,8070,8088,18,8098,8098,8003,8060,1,1,8070,-17,6880,30,90,725158,8779,15:56:51,0.01,,,,,,,15:14:19,-0.21,20260812161226,2026-08-12 16:12:26,2026-08-12,-0.36,-6,0.00000,0.00000,2026-08-12,8060
RDZ6,RFUD,8321,8353,32,8325,8349,8289,8349,2,38,8349,-3,1580,6,7,58266,705,15:56:51,0.46,,,,,,,15:17:51,-0.04,20260812161226,2026-08-12 16:12:26,2026-08-12,0.41,6,0.00000,0.00000,2026-08-12,8349
RFH7,RFUD,4.7701,4.7845,0.0144,0,0,0,0,0,0,4.7845,0,0,0,0,0,0,10:42:47,0,,,,,,,10:42:47,0,20260812131809,2026-08-12 13:18:09,,,0,0.00000,0.00000,2026-08-12,0
RFM7,RFUD,4.9313,4.9429,0.0116,0,0,0,0,0,0,4.9412,-0.0004,2030,0,0,0,0,07:08:06,0,,,,,,,07:08:06,-0.01,20260812131809,2026-08-12 13:18:09,,,0,0.00000,0.00000,2026-08-12,0
RFU6,RFUD,4.4673,4.4735,0.0062,0,0,0,0,0,0,4.4735,-0.0003,56,0,0,0,0,13:02:55,0,,,,,,,13:02:55,-0.01,20260812131809,2026-08-12 13:18:09,,,0,0.00000,0.00000,2026-08-12,0
RFZ6,RFUD,4.6178,4.6286,0.0108,0,0,0,0,0,0,4.6286,0,8,0,0,0,0,13:02:55,0,,,,,,,13:02:55,0,20260812131809,2026-08-12 13:18:09,,,0,0.00000,0.00000,2026-08-12,0
RGBIF,RFUD,115.28,115.29,0.01,115.36,115.48,115.26,115.28,1,-0.01,115.28,0.02,237808,1376,6506,75033927,908335,15:58:23,-0.01,,,,,,,15:54:24,0.02,20260812161324,2026-08-12 16:13:24,2026-08-12,-0.03,-928,0.00000,-0.01263,2026-08-12,11528
RIH7,RFUD,88330,88430,100,88740,88740,88740,88740,1,0,88430,-360,542,2,2,292395,3540,15:58:23,0,,,,,,,11:01:29,-0.41,20260812161330,2026-08-12 16:13:30,2026-08-12,-0.03,2,0.00000,0.00000,2026-08-12,146198
RIM7,RFUD,89230,89690,460,0,0,0,0,0,0,89690,0,82,0,0,0,0,15:58:23,0,,,,,,,15:58:23,0,20260812161330,2026-08-12 16:13:30,,,0,0.00000,0.00000,2026-08-12,0
RIU6,RFUD,88510,88520,10,89000,89620,87870,88520,1,10,88510,-650,73540,19303,37045,5406269274,65446448,15:58:32,0.01,,,,,,,15:58:28,-0.73,20260812161333,2026-08-12 16:13:33,2026-08-12,-0.6,2768,0.00000,0.00000,2026-08-12,145835
RIZ6,RFUD,88220,88260,40,88500,89220,87640,88140,1,-50,88220,-550,8424,361,467,67874281,821663,15:58:32,-0.06,,,,,,,15:50:40,-0.62,20260812161333,2026-08-12 16:13:33,2026-08-12,-0.69,-140,88500.00000,0.00000,2026-08-12,145209
RLU6,RFUD,2829,2833,4,2856,2872,2802,2827,1,-1,2829,-7,156022,2555,22058,62431589,755775,15:58:31,-0.04,,,,,,,15:51:42,-0.25,20260812161332,2026-08-12 16:13:32,2026-08-12,-0.63,-7394,0.00000,0.00000,2026-08-12,2827
RLZ6,RFUD,2914,2920,6,2942,2942,2890,2918,2,-2,2918,0,10330,187,1933,5627838,68129,15:58:31,-0.07,,,,,,,15:33:01,0,20260812161332,2026-08-12 16:13:32,2026-08-12,-0.17,142,0.00000,0.00000,2026-08-12,2918
RMU6,RFUD,885,885.5,0.5,890,896,879,884.5,1,0.5,885,-6,15780,1677,8556,124820925,1511039,15:58:31,0.06,,,,,,,15:53:17,-0.68,20260812161332,2026-08-12 16:13:32,2026-08-12,-0.67,22,890.00000,0.00000,2026-08-12,14572
RMZ6,RFUD,881.5,882.5,1,888.5,890,875.5,883,1,1,882.5,-4,2188,46,69,1002197,12132,15:58:31,0.11,,,,,,,15:18:19,-0.45,20260812161332,2026-08-12 16:13:32,2026-08-12,-0.51,66,0.00000,0.00000,2026-08-12,14547
RNH7,RFUD,36573,37088,515,37486,37486,36600,36748,1,-361,36748,-550,498,17,18,664189,8040,15:58:31,-0.97,,,,,,,15:54:53,-1.5,20260812161332,2026-08-12 16:13:32,2026-08-12,-0.95,12,0.00000,0.00000,2026-08-12,36748
RNM7,RFUD,36500,38435,1935,0,0,0,0,0,0,36500,-957,90,0,0,0,0,15:58:32,0,,,,,,,15:58:32,-2.62,20260812161333,2026-08-12 16:13:33,,,0,0.00000,0.00000,2026-08-12,0
RNU6,RFUD,35389,35400,11,35895,36009,35354,35404,1,-3,35404,-439,41358,3505,8656,308305585,3732242,15:58:31,-0.01,,,,,,,15:57:57,-1.24,20260812161332,2026-08-12 16:13:32,2026-08-12,-1.27,-2390,0.00000,0.00000,2026-08-12,35404
RNZ6,RFUD,36607,36621,14,37184,37189,36578,36595,1,-121,36607,-469,2772,168,266,9829503,118993,15:58:31,-0.33,,,,,,,15:54:53,-1.28,20260812161332,2026-08-12 16:13:32,2026-08-12,-1.32,304,0.00000,0.00000,2026-08-12,36595
RQU6,RFUD,4660,4676,16,4727,4785,4685,4685,2,-5,4679,34,3268,66,194,920157,11139,15:58:28,-0.11,,,,,,,12:48:17,0.73,20260812161330,2026-08-12 16:13:30,2026-08-12,0.17,8,0.00000,0.00000,2026-08-12,4685
RQZ6,RFUD,4794,4821,27,4917,4917,4917,4917,1,0,4822,25,370,1,1,4917,60,15:58:28,0,,,,,,,09:57:05,0.52,20260812161330,2026-08-12 16:13:30,2026-08-12,2.48,0,0.00000,0.00000,2026-08-12,4917
RRQ6,RFUD,0,0,0,0,0,0,0,0,0,86.28,0,0,0,0,0,0,02:01:25,0,,,,,,,02:01:25,0,20260812070457,2026-08-12 07:04:57,,,0,0.00000,0.00000,2026-08-12,0
RRU6,RFUD,0,0,0,0,0,0,0,0,0,86.28,0,0,0,0,0,0,02:01:25,0,,,,,,,02:01:25,0,20260812070457,2026-08-12 07:04:57,,,0,0.00000,0.00000,2026-08-12,0
RTU6,RFUD,4554,4558,4,4549,4658,4493,4554,1,-1,4555,70,59232,4445,16278,74754965,904958,15:58:27,-0.02,,,,,,,15:58:07,1.54,20260812161327,2026-08-12 16:13:27,2026-08-12,0.77,-430,0.00000,0.00000,2026-08-12,4554
RTZ6,RFUD,4692,4699,7,4684,4798,4660,4702,1,42,4700,74,3164,143,562,2658690,32185,15:58:25,0.9,,,,,,,15:19:36,1.57,20260812161325,2026-08-12 16:13:25,2026-08-12,1.12,142,0.00000,0.00000,2026-08-12,4702
RUU6,RFUD,891,892,1,906,911,884,892,5,2,892,-10,124858,688,14969,13443717,162745,15:58:23,0.22,,,,,,,15:54:13,-1.12,20260812161324,2026-08-12 16:13:24,2026-08-12,-1.11,-6978,0.00000,0.00000,2026-08-12,892
RUZ6,RFUD,907,909,2,922,925,901,909,6,2,909,-10,10608,86,319,291357,3527,15:57:39,0.22,,,,,,,15:44:00,-1.1,20260812161315,2026-08-12 16:13:15,2026-08-12,-0.98,254,0.00000,0.00000,2026-08-12,909
S0U6,RFUD,583,585,2,595,599,580,584,69,-1,584,-11,80626,171,7123,4202833,50878,15:55:33,-0.17,,,,,,,15:55:24,-1.88,20260812161105,2026-08-12 16:11:05,2026-08-12,-1.68,-494,0.00000,0.00000,2026-08-12,584
S0Z6,RFUD,602,605,3,614,614,603,603,14,-4,603,-8,6230,11,54,32835,397,15:55:33,-0.66,,,,,,,15:36:41,-1.33,20260812161105,2026-08-12 16:11:05,2026-08-12,-1.79,-48,0.00000,0.00000,2026-08-12,603
S1H7,RFUD,69.99,70.11,0.12,69,70.25,68.75,69.96,1,-0.24,69.97,1.35,2598,280,425,2445045,29599,15:58:32,-0.34,,,,,,,15:53:29,1.93,20260812161333,2026-08-12 16:13:33,2026-08-12,2.48,-6,0.00000,0.00000,2026-08-12,5763
S1M7,RFUD,71.38,71.5,0.12,70.21,71.52,70.19,71.38,2,-0.12,71.38,1.58,1174,107,173,1012714,12260,15:58:32,-0.17,,,,,,,15:53:29,2.21,20260812161333,2026-08-12 16:13:33,2026-08-12,2.93,184,0.00000,0.00000,2026-08-12,5880
S1U6,RFUD,66.96,66.99,0.03,65.79,67.24,65.45,66.98,43,-0.02,66.92,1.47,149190,14497,109170,598682849,7247450,15:58:32,-0.03,,,,,,,15:58:23,2.2,20260812161333,2026-08-12 16:13:33,2026-08-12,2.84,4034,65.79000,0.00000,2026-08-12,5517
S1Z6,RFUD,68.64,68.68,0.04,67.1,68.83,67.1,68.46,1,-0.03,68.6,1.48,17384,1269,3101,17437716,211095,15:58:32,-0.04,,,,,,,15:55:05,2.16,20260812161333,2026-08-12 16:13:33,2026-08-12,2.41,996,67.10000,0.00000,2026-08-12,5639
S2U6,RFUD,175.09,175.29,0.2,172.65,176.26,172.07,174.92,3,0.03,175.02,3.67,21796,481,1536,26825063,324735,15:58:31,0.02,,,,,,,15:57:20,2.1,20260812161332,2026-08-12 16:13:32,2026-08-12,2.42,272,0.00000,0.00000,2026-08-12,17492
S2Z6,RFUD,180.99,181.82,0.83,179.53,182.09,178,181.82,1,0.92,181.82,5.56,1330,65,145,2625229,31780,15:58:31,0.51,,,,,,,15:34:47,3.06,20260812161332,2026-08-12 16:13:32,2026-08-12,3.19,48,0.00000,0.00000,2026-08-12,18182
S3Q6,RFUD,76.73,76.9,0.17,76.67,77.37,76.16,76.76,1,-0.18,76.76,1.74,2104,73,109,690271,8356,15:58:32,-0.23,,,,,,,15:41:36,2.27,20260812161333,2026-08-12 16:13:33,2026-08-12,0.62,12,0.00000,0.00000,2026-08-12,6323
S3U6,RFUD,77.45,77.83,0.38,79.14,79.14,77.93,77.93,1,-0.21,77.82,-0.07,994,70,150,969307,11734,15:58:07,-0.27,,,,,,,15:41:36,-0.09,20260812161315,2026-08-12 16:13:15,2026-08-12,-0.74,38,0.00000,0.00000,2026-08-12,6419
S3V6,RFUD,79,79.98,0.98,0,0,0,0,0,0,79,-2.23,54,0,0,0,0,15:58:07,0,,,,,,,15:58:07,-2.82,20260812161308,2026-08-12 16:13:08,,,0,0.00000,0.00000,2026-08-12,0
SAH7,RFUD,34.95,35.08,0.13,34.45,35.27,34.28,34.91,1,-0.12,34.95,0.77,674,80,147,5168697,62570,15:58:23,-0.34,,,,,,,15:53:00,2.2,20260812161324,2026-08-12 16:13:24,2026-08-12,1.93,106,0.00000,0.00000,2026-08-12,35469
SAV6,RFUD,31.61,31.68,0.07,31.05,31.93,31.02,31.68,1,-0.01,31.68,0.8,5330,509,1172,37463669,453522,15:58:23,-0.03,,,,,,,15:57:58,2.53,20260812161324,2026-08-12 16:13:24,2026-08-12,2.03,222,0.00000,0.00000,2026-08-12,32187
SBERF,RFUD,284.59,284.66,0.07,286.84,287.76,283.92,284.59,1,-0.07,284.59,-1.89,221656,2477,12314,351577381,4256076,15:58:23,-0.02,,,,,,,15:57:30,-0.66,20260812161324,2026-08-12 16:13:24,2026-08-12,-0.59,5546,0.00000,0.16914,2026-08-12,28459
SCU6,RFUD,1080,1081,1,1084,1094,1068,1081,8,1,1081,3,1109798,2835,83218,89930234,1088665,15:58:31,0.09,,,,,,,15:55:15,0.28,20260812161332,2026-08-12 16:13:32,2026-08-12,-0.18,-19216,0.00000,0.00000,2026-08-12,1081
SCZ6,RFUD,1117,1119,2,1122,1131,1106,1119,10,1,1119,5,195876,468,7606,8519063,103129,15:58:31,0.09,,,,,,,15:29:15,0.45,20260812161332,2026-08-12 16:13:32,2026-08-12,0.09,7366,1122.00000,0.00000,2026-08-12,1119
SDU6,RFUD,37.82,38.19,0.37,37.82,37.82,37.82,37.82,35,0,37.82,-0.25,362,1,35,109038,1320,15:48:48,0,,,,,,,09:23:21,-0.66,20260812160421,2026-08-12 16:04:21,2026-08-12,-0.73,-70,0.00000,0.00000,2026-08-12,3115
SDZ6,RFUD,38.19,38.98,0.79,0,0,0,0,0,0,38.19,-0.17,114,0,0,0,0,15:57:56,0,,,,,,,15:57:56,-0.45,20260812161257,2026-08-12 16:12:57,,,0,0.00000,0.00000,2026-08-12,0
SEU6,RFUD,1323,1325,2,1387,1393,1312,1325,50,1,1325,-44,58708,851,7034,9451560,114417,15:58:29,0.08,,,,,,,15:27:45,-3.32,20260812161330,2026-08-12 16:13:30,2026-08-12,-3.64,-210,0.00000,0.00000,2026-08-12,1325
SEZ6,RFUD,1365,1368,3,1425,1426,1358,1363,13,5,1365,-29,5570,58,771,1070010,12953,15:58:14,0.37,,,,,,,15:17:25,-2.12,20260812161315,2026-08-12 16:13:15,2026-08-12,-3.74,300,0.00000,0.00000,2026-08-12,1363
SFH7,RFUD,774.61,776.93,2.32,774.17,776.8,774.17,776.8,1,0.54,776.78,2.27,2836,11,18,1148705,13906,15:58:32,0.07,,,,,,,15:53:29,0.29,20260812161333,2026-08-12 16:13:33,2026-08-12,0.47,0,0.00000,0.00000,2026-08-12,63988
SFM7,RFUD,776.47,779.79,3.32,777.6,777.6,777.6,777.6,1,0,777.6,1.74,678,1,1,64054,775,15:58:32,0,,,,,,,12:16:31,0.22,20260812161333,2026-08-12 16:13:33,2026-08-12,0.34,0,0.00000,0.00000,2026-08-12,64054
SFU6,RFUD,773.57,773.67,0.1,771.22,773.97,770.41,773.58,6,0.03,773.52,1.94,435504,3449,13952,887328662,10741697,15:58:32,0,,,,,,,15:58:32,0.25,20260812161333,2026-08-12 16:13:33,2026-08-12,0.32,-3192,0.00000,0.00000,2026-08-12,63723
SFZ6,RFUD,775.29,775.42,0.13,772.31,775.68,771.88,775.21,1,-0.03,775.21,2.2,44350,934,2722,173475184,2100031,15:58:32,0,,,,,,,15:55:48,0.28,20260812161333,2026-08-12 16:13:33,2026-08-12,0.35,-1466,0.00000,0.00000,2026-08-12,63857
SGU6,RFUD,43397,43424,27,43464,43977,43274,43380,1,12,43391,-96,23050,945,2532,110415716,1336655,15:58:31,0.03,,,,,,,15:55:18,-0.22,20260812161332,2026-08-12 16:13:32,2026-08-12,-0.22,722,0.00000,0.00000,2026-08-12,43380
SGZ6,RFUD,44906,44934,28,44927,45500,44833,45046,1,121,44934,-95,1328,115,168,7597416,91972,15:58:31,0.27,,,,,,,15:17:27,-0.21,20260812161332,2026-08-12 16:13:32,2026-08-12,0.2,92,0.00000,0.00000,2026-08-12,45046
SHU6,RFUD,616.2,616.4,0.2,636,641.6,602.2,616.2,3,0.4,616.2,-22,181562,3560,52979,32785803,396894,15:58:32,0.06,,,,,,,15:57:29,-3.57,20260812161333,2026-08-12 16:13:33,2026-08-12,-2.87,944,0.00000,0.00000,2026-08-12,616
SHZ6,RFUD,600.8,601.2,0.4,618,625.2,591.8,602.4,4,4.4,601.2,-17,31870,459,4513,2723808,32973,15:58:32,0.74,,,,,,,15:20:28,-2.83,20260812161333,2026-08-12 16:13:33,2026-08-12,-2.49,-1160,0.00000,0.00000,2026-08-12,602
SiH7,RFUD,86758,86822,64,86754,87113,86615,86784,1,-16,86784,71,20324,501,1238,107663448,1303337,15:58:30,-0.02,,,,,,,15:55:41,0.08,20260812161331,2026-08-12 16:13:31,2026-08-12,0.06,1248,0.00000,0.00000,2026-08-12,86784
SiM7,RFUD,88659,88772,113,88720,89048,88720,88750,5,2,88750,36,4126,37,60,5334304,64575,15:58:28,0,,,,,,,15:51:18,0.04,20260812161328,2026-08-12 16:13:28,2026-08-12,0.04,-22,0.00000,0.00000,2026-08-12,88750
SiU6,RFUD,83394,83396,2,83320,83804,83033,83394,1,-5,83388,77,9624072,139836,642251,53195583079,643967546,15:58:32,-0.01,,,,,,,15:58:32,0.09,20260812161333,2026-08-12 16:13:33,2026-08-12,0.06,37148,0.00000,0.00000,2026-08-12,83394
SiU7,RFUD,91004,91400,396,91400,91400,91399,91400,1,1,91400,80,768,6,6,548398,6639,15:58:20,0,,,,,,,13:35:34,0.09,20260812161321,2026-08-12 16:13:21,2026-08-12,0.15,-2,0.00000,0.00000,2026-08-12,91400
SiZ6,RFUD,84763,84766,3,84786,85183,84468,84758,15,-3,84759,37,1469896,7351,35977,3054362494,36975068,15:58:32,0,,,,,,,15:58:18,0.04,20260812161333,2026-08-12 16:13:33,2026-08-12,0,36814,0.00000,0.00000,2026-08-12,84758
SiZ7,RFUD,93801,94174,373,94120,94137,93725,93801,1,74,93801,1,584,9,9,844827,10227,15:58:30,0.08,,,,,,,15:11:48,0,20260812161331,2026-08-12 16:13:31,2026-08-12,0.08,2,0.00000,0.00000,2026-08-12,93801
SKU6,RFUD,185.51,186.13,0.62,181.02,185.7,180.61,185.43,2,0.1,185.7,13.29,1988,82,219,3292924,39863,15:58:32,0.05,,,,,,,15:58:30,7.16,20260812161333,2026-08-12 16:13:33,2026-08-12,7.31,126,181.02000,0.00000,2026-08-12,15275
SKZ6,RFUD,184.78,185.99,1.21,188.8,188.8,180.6,184.9,1,4.03,184.9,9.9,78,12,12,181646,2199,15:58:32,2.23,,,,,,,15:43:32,5.35,20260812161333,2026-08-12 16:13:33,2026-08-12,5.3,14,0.00000,0.00000,2026-08-12,15231
SLVRUBF,RFUD,172.72,172.88,0.16,170.17,174.02,169.69,172.55,11,0.13,172.67,3.92,54878,1933,12172,210099375,2543391,15:58:32,0.08,,,,,,,15:57:20,2.27,20260812161333,2026-08-12 16:13:33,2026-08-12,2.27,5470,170.17000,0.17033,2026-08-12,17255
SNU6,RFUD,17280,17291,11,17315,17414,17166,17291,1,21,17271,-55,32452,687,1884,32563448,394202,15:58:28,0.12,,,,,,,15:58:14,-0.32,20260812161330,2026-08-12 16:13:30,2026-08-12,-0.05,216,0.00000,0.00000,2026-08-12,17291
SNZ6,RFUD,17843,17861,18,17832,17910,17759,17831,1,-4,17834,-21,4002,142,391,6979439,84491,15:58:28,-0.02,,,,,,,15:45:28,-0.12,20260812161330,2026-08-12 16:13:30,2026-08-12,-0.26,456,0.00000,0.00000,2026-08-12,17831
SOU6,RFUD,5118,5124,6,5115,5158,5040,5122,5,-1,5122,12,37994,1893,9518,48625687,588646,15:58:32,-0.02,,,,,,,15:56:51,0.23,20260812161333,2026-08-12 16:13:33,2026-08-12,0.41,672,0.00000,0.00000,2026-08-12,5122
SOZ6,RFUD,5102,5116,14,5068,5133,5032,5114,1,-5,5114,51,4868,192,501,2555015,30930,15:58:31,-0.1,,,,,,,15:56:51,1,20260812161332,2026-08-12 16:13:32,2026-08-12,0.91,320,0.00000,0.00000,2026-08-12,5114
SP500F,RFUD,773.2,773.8,0.6,771.3,773.4,770.7,773.4,1,1,773.4,1.3,944,36,149,9464343,114572,15:58:32,0.13,,,,,,,15:52:08,0.17,20260812161333,2026-08-12 16:13:33,2026-08-12,0.42,60,0.00000,0.00000,2026-08-12,63708
SPH7,RFUD,30772,30862,90,31052,31052,31052,31052,1,0,30862,-216,246,1,1,31052,376,15:58:31,0,,,,,,,07:07:42,-0.7,20260812161332,2026-08-12 16:13:32,2026-08-12,0,0,0.00000,0.00000,2026-08-12,31052
SPM7,RFUD,31587,32057,470,31527,31587,31527,31587,1,60,31587,-492,120,2,2,63114,764,15:58:31,0.19,,,,,,,12:33:10,-1.56,20260812161332,2026-08-12 16:13:32,2026-08-12,0,-2,0.00000,0.00000,2026-08-12,31587
SPU6,RFUD,28923,28934,11,29134,29199,28874,28910,1,1,28923,-215,88398,1163,4157,120593616,1459865,15:58:29,0,,,,,,,15:50:43,-0.74,20260812161330,2026-08-12 16:13:30,2026-08-12,-0.62,-346,0.00000,0.00000,2026-08-12,28910
SPZ6,RFUD,29873,29893,20,30068,30149,29832,29924,2,92,29893,-161,1336,92,115,3457326,41853,15:58:29,0.31,,,,,,,15:20:19,-0.54,20260812161330,2026-08-12 16:13:30,2026-08-12,-0.33,-22,0.00000,0.00000,2026-08-12,29924
SQU6,RFUD,97.95,98.02,0.07,95.63,98.02,95.52,98.02,6,0.13,98.02,2.92,51442,515,7339,58210187,704673,15:57:38,0.13,,,,,,,15:57:12,2.98,20260812161240,2026-08-12 16:12:40,2026-08-12,2.63,-8800,0.00000,0.00000,2026-08-12,8074
SQZ6,RFUD,99.72,99.84,0.12,97.78,99.8,97.78,99.8,1,0.09,99.8,2.79,6832,64,125,1018952,12335,15:58:30,0.09,,,,,,,15:55:21,2.8,20260812161331,2026-08-12 16:13:31,2026-08-12,2.49,-128,0.00000,0.00000,2026-08-12,8221
SRH7,RFUD,30831,30882,51,31131,31131,30782,30843,1,7,30843,-233,2196,21,27,833915,10095,15:58:32,0.02,,,,,,,15:00:01,-0.76,20260812161333,2026-08-12 16:13:33,2026-08-12,-0.79,14,0.00000,0.00000,2026-08-12,30843
SRM7,RFUD,31420,31601,181,31602,31602,31451,31511,1,60,31511,123,962,3,3,94564,1145,15:58:32,0.19,,,,,,,14:30:17,0.39,20260812161333,2026-08-12 16:13:33,2026-08-12,-1.22,0,0.00000,0.00000,2026-08-12,31511
SRU6,RFUD,28861,28862,1,29066,29177,28787,28862,3,1,28862,-225,1182296,21039,75314,2180655618,26398272,15:58:24,0,,,,,,,15:58:13,-0.78,20260812161330,2026-08-12 16:13:30,2026-08-12,-0.7,-9200,29066.00000,0.00000,2026-08-12,28862
SRZ6,RFUD,29824,29826,2,30065,30122,29744,29842,2,-6,29826,-218,26208,1029,1753,52488625,635409,15:58:19,-0.02,,,,,,,15:41:43,-0.73,20260812161320,2026-08-12 16:13:20,2026-08-12,-0.53,340,0.00000,0.00000,2026-08-12,29842
SSU6,RFUD,406,407,1,420,423,400,406,1,-1,407,-11,2777508,6888,920199,375725764,4548408,15:58:32,-0.25,,,,,,,15:58:25,-2.7,20260812161333,2026-08-12 16:13:33,2026-08-12,-2.87,-127384,420.00000,0.00000,2026-08-12,406
SSZ6,RFUD,416,417,1,429,432,410,417,5,-1,417,-11,230760,818,26681,11113401,134535,15:58:32,-0.24,,,,,,,15:58:17,-2.64,20260812161333,2026-08-12 16:13:33,2026-08-12,-2.11,10012,0.00000,0.00000,2026-08-12,417
SuQ6,RFUD,63020,63840,820,68670,68670,58600,63060,1,60,63060,-610,1098,314,1659,10272844,124360,15:58:32,0.1,,,,,,,15:51:32,-0.97,20260812161333,2026-08-12 16:13:33,2026-08-12,-0.69,-612,0.00000,0.00000,2026-08-12,6306
SuU6,RFUD,65650,66440,790,66610,66610,65630,65630,2,-10,65650,-360,488,10,12,79245,959,15:56:56,-0.02,,,,,,,12:25:58,-0.55,20260812161157,2026-08-12 16:11:57,2026-08-12,-1.57,4,0.00000,0.00000,2026-08-12,6563
SuV6,RFUD,64400,65980,1580,0,0,0,0,0,0,65190,-910,20,0,0,0,0,15:46:46,0,,,,,,,15:46:46,-1.4,20260812160706,2026-08-12 16:07:06,,,0,0.00000,0.00000,2026-08-12,0
SVH7,RFUD,70.24,70.31,0.07,68.85,70.53,68.61,70.36,1,0.64,70.26,1.7,1496,140,184,10587531,128169,15:58:32,0.92,,,,,,,15:34:25,2.42,20260812161333,2026-08-12 16:13:33,2026-08-12,2.99,32,0.00000,0.00000,2026-08-12,57958
SVM7,RFUD,71.88,72.25,0.37,70.04,72.23,70.04,72.23,1,0.23,72,2.22,730,70,188,11082979,134167,15:58:32,0.32,,,,,,,15:58:21,3.08,20260812161333,2026-08-12 16:13:33,2026-08-12,2.92,140,0.00000,0.00000,2026-08-12,59499
SVU6,RFUD,66.95,66.96,0.01,65.85,67.26,65.47,66.95,1,0.03,66.91,1.48,514504,34528,254826,13981882854,169259895,15:58:32,0.04,,,,,,,15:58:32,2.21,20260812161333,2026-08-12 16:13:33,2026-08-12,2.79,-30570,65.85000,0.00000,2026-08-12,55150
SVZ6,RFUD,68.63,68.66,0.03,67.35,68.9,67.09,68.63,1,0.13,68.58,1.53,33810,2803,5449,306410755,3709304,15:58:32,0.19,,,,,,,15:58:21,2.23,20260812161333,2026-08-12 16:13:33,2026-08-12,2.74,2582,0.00000,0.00000,2026-08-12,56533
SXU6,RFUD,6645,6650.3,5.3,6650,6682.8,6637.5,6647.7,4,-4.2,6647.7,9.9,8232,19,125,793977,9612,15:56:55,-0.06,,,,,,,15:56:44,0.15,20260812161221,2026-08-12 16:12:21,2026-08-12,-0.03,-180,0.00000,0.00000,2026-08-12,6327
SXZ6,RFUD,6591.4,6619.4,28,6618.8,6618.8,6594.1,6594.1,4,-24.7,6594.1,-35.9,480,4,9,56519,684,15:56:55,-0.37,,,,,,,15:56:44,-0.54,20260812161221,2026-08-12 16:12:21,2026-08-12,-0.54,10,0.00000,0.00000,2026-08-12,6276
SYU6,RFUD,23.16,24.09,0.93,0,0,0,0,0,0,23.63,-0.2,50,0,0,0,0,15:58:25,0,,,,,,,15:58:25,-0.85,20260812161325,2026-08-12 16:13:25,,,0,0.00000,0.00000,2026-08-12,0
SYZ6,RFUD,23.14,24.2,1.06,0,0,0,0,0,0,23.67,-0.68,30,0,0,0,0,15:58:24,0,,,,,,,15:58:24,-2.87,20260812161325,2026-08-12 16:13:25,,,0,0.00000,0.00000,2026-08-12,0
SZU6,RFUD,738,739,1,750,769,726,739,10,1,739,-18,616044,8427,141007,104554906,1265706,15:58:26,0.14,,,,,,,15:57:35,-2.44,20260812161326,2026-08-12 16:13:26,2026-08-12,-1.73,8258,750.00000,0.00000,2026-08-12,739
SZZ6,RFUD,695,697,2,719,719,684,698,5,2,697,-17,91200,757,6048,4230254,51210,15:58:26,0.29,,,,,,,15:44:18,-2.44,20260812161326,2026-08-12 16:13:26,2026-08-12,-1.69,1482,0.00000,0.00000,2026-08-12,698
TBU6,RFUD,2858,2860,2,2879,2901,2847,2858,40,-2,2858,-17,777510,5100,78559,226019063,2736110,15:58:30,-0.07,,,,,,,15:57:08,-0.59,20260812161331,2026-08-12 16:13:31,2026-08-12,-0.59,-7498,0.00000,0.00000,2026-08-12,2858
TBZ6,RFUD,2913,2917,4,2932,2950,2904,2912,1,-4,2913,-14,48450,1386,11545,33797288,409138,15:58:30,-0.14,,,,,,,15:49:45,-0.48,20260812161331,2026-08-12 16:13:31,2026-08-12,-0.68,-1672,0.00000,0.00000,2026-08-12,2912
TCU6,RFUD,462.7,463,0.3,460.7,465.3,460.7,463,16,0.3,463,-10.8,216,24,391,19008364,230109,15:53:46,0.06,,,,,,,14:10:06,-2.33,20260812160847,2026-08-12 16:08:47,2026-08-12,-2.16,-636,0.00000,0.00000,2026-08-12,48601
TCZ6,RFUD,471.7,475.1,3.4,0,0,0,0,0,0,471.7,-10.5,4,0,0,0,0,15:55:52,0,,,,,,,15:55:52,-2.23,20260812161053,2026-08-12 16:10:53,,,0,0.00000,0.00000,2026-08-12,0
TLU6,RFUD,82.64,82.82,0.18,82.56,82.75,82.56,82.75,1,0.01,82.75,0.12,3466,4,6,408658,4947,15:55:39,0.01,,,,,,,15:21:57,0.15,20260812161040,2026-08-12 16:10:40,2026-08-12,0.32,-10,0.00000,0.00000,2026-08-12,68165
TLZ6,RFUD,82.55,82.76,0.21,0,0,0,0,0,0,82.76,0.34,1148,0,0,0,0,15:58:01,0,,,,,,,15:58:01,0.41,20260812161302,2026-08-12 16:13:02,,,0,0.00000,0.00000,2026-08-12,0
TNU6,RFUD,1098,1100,2,1119,1120,1096,1100,10,1,1100,-15,389258,885,25280,27904981,337808,15:58:30,0.09,,,,,,,15:57:45,-1.36,20260812161331,2026-08-12 16:13:31,2026-08-12,-1.35,-11006,0.00000,0.00000,2026-08-12,1100
TNZ6,RFUD,1137,1139,2,1157,1158,1135,1139,1,1,1139,-15,116414,360,6120,6983013,84534,15:58:30,0.09,,,,,,,15:53:17,-1.32,20260812161331,2026-08-12 16:13:31,2026-08-12,-1.39,7164,0.00000,0.00000,2026-08-12,1139
TOU6,RFUD,186.32,192.2,5.88,189.4,189.4,189.4,189.4,1,0,189.4,-1.29,24,1,1,15602,189,15:58:32,0,,,,,,,14:06:02,-0.68,20260812161333,2026-08-12 16:13:33,2026-08-12,-0.42,0,0.00000,0.00000,2026-08-12,15602
TOZ6,RFUD,188.8,194.8,6,190.52,190.52,190.52,190.52,1,0,190.52,-2.45,8,1,1,15694,190,15:54:38,0,,,,,,,14:06:02,-1.29,20260812160940,2026-08-12 16:09:40,2026-08-12,0,0,0.00000,0.00000,2026-08-12,15694
TPU6,RFUD,5659,5665,6,5665,5711,5595,5661,1,-30,5661,48,48948,301,1588,8996650,108910,15:58:26,-0.53,,,,,,,15:55:32,0.85,20260812161326,2026-08-12 16:13:26,2026-08-12,0.34,-82,0.00000,0.00000,2026-08-12,5661
TPZ6,RFUD,5514,5573,59,5515,5600,5435,5600,2,20,5573,88,1230,21,26,143578,1738,15:58:14,0.36,,,,,,,15:21:52,1.58,20260812161315,2026-08-12 16:13:15,2026-08-12,1.82,-6,0.00000,0.00000,2026-08-12,5600
TRU6,RFUD,0,0,0,0,0,0,0,0,0,48.2473,0,0,0,0,0,0,00:08:01,0,,,,,,,00:08:01,0,20260812070457,2026-08-12 07:04:57,,,0,0.00000,0.00000,2026-08-12,0
TRZ6,RFUD,49.42,0,0,0,0,0,0,0,0,49.4225,0,0,0,0,0,0,00:08:01,0,,,,,,,00:08:01,0,20260812070457,2026-08-12 07:04:57,,,0,0.00000,0.00000,2026-08-12,0
TSU6,RFUD,436,437.2,1.2,428.1,434.9,426.1,434.9,1,0.3,436,8.8,1352,20,57,2021842,24476,15:57:26,0.07,,,,,,,15:41:18,2.02,20260812161300,2026-08-12 16:13:00,2026-08-12,1.49,-22,0.00000,0.00000,2026-08-12,35825
TSZ6,RFUD,450.1,457.3,7.2,446.4,446.4,446.4,446.4,1,0,450.1,4.6,64,1,1,36772,445,15:57:26,0,,,,,,,12:27:19,1.02,20260812161300,2026-08-12 16:13:00,2026-08-12,0,0,0.00000,0.00000,2026-08-12,36772
TTU6,RFUD,57833,57903,70,57920,58450,57233,57803,2,7,57833,297,9870,852,1450,83853018,1015096,15:58:32,0.01,,,,,,,15:52:19,0.51,20260812161333,2026-08-12 16:13:33,2026-08-12,-0.2,190,0.00000,0.00000,2026-08-12,57803
TTZ6,RFUD,56633,56853,220,57000,57100,56293,56906,1,-194,56853,201,1142,45,66,3752724,45429,15:57:59,-0.34,,,,,,,14:42:16,0.35,20260812161300,2026-08-12 16:13:00,2026-08-12,0.06,-36,0.00000,0.00000,2026-08-12,56906
TXQ6,RFUD,0.337,0.3376,0.0006,0.3356,0.3382,0.3356,0.3382,9,0.0008,0.3376,0.0015,3182,5,376,1041784,12611,15:56:44,0.24,,,,,,,15:02:50,0.44,20260812161201,2026-08-12 16:12:01,2026-08-12,0.62,-730,0.00000,0.00000,2026-08-12,2786
TXU6,RFUD,0.3387,0.3398,0.0011,0,0,0,0,0,0,0.3387,0.0015,14,0,0,0,0,15:57:15,0,,,,,,,15:57:15,0.44,20260812161216,2026-08-12 16:12:16,,,0,0.00000,0.00000,2026-08-12,0
TXV6,RFUD,0.3383,0.3436,0.0053,0,0,0,0,0,0,0.3397,0.0011,52,0,0,0,0,15:58:22,0,,,,,,,15:58:22,0.32,20260812161323,2026-08-12 16:13:23,,,0,0.00000,0.00000,2026-08-12,0
TYU6,RFUD,1.71,1.729,0.019,1.694,1.735,1.681,1.681,1,-0.054,1.71,0.034,1996,12,34,58520,708,15:58:21,-3.11,,,,,,,14:46:27,1.99,20260812161322,2026-08-12 16:13:22,2026-08-12,-0.24,42,0.00000,0.00000,2026-08-12,1681
TYZ6,RFUD,1.553,1.679,0.126,0,0,0,0,0,0,1.679,0.014,110,0,0,0,0,15:58:28,0,,,,,,,15:58:28,0.83,20260812161328,2026-08-12 16:13:28,,,0,0.00000,0.00000,2026-08-12,0
UCH7,RFUD,6.746,6.772,0.026,0,0,0,0,0,0,6.746,-0.01,34,0,0,0,0,15:58:23,0,,,,,,,15:58:23,-0.15,20260812161324,2026-08-12 16:13:24,,,0,0.00000,0.00000,2026-08-12,0
UCM7,RFUD,6.782,6.829,0.047,0,0,0,0,0,0,6.783,0,26,0,0,0,0,15:58:23,0,,,,,,,15:58:23,0,20260812161324,2026-08-12 16:13:24,,,0,0.00000,0.00000,2026-08-12,0
UCU6,RFUD,6.734,6.735,0.001,6.741,6.744,6.734,6.735,5,0.001,6.735,-0.004,191318,2275,10536,869215161,10522422,15:58:31,0.01,,,,,,,15:58:31,-0.06,20260812161332,2026-08-12 16:13:32,2026-08-12,-0.06,-5324,0.00000,0.00000,2026-08-12,82460
UCZ6,RFUD,6.728,6.729,0.001,6.735,6.735,6.728,6.728,2,-0.003,6.728,-0.009,52880,19,50,4120672,49883,15:58:31,-0.04,,,,,,,15:51:24,-0.13,20260812161332,2026-08-12 16:13:32,2026-08-12,-0.13,50,0.00000,0.00000,2026-08-12,82374
UMU6,RFUD,83.39,83.42,0.03,83.38,83.8,83.05,83.43,1,0.01,83.42,0.12,10072,643,4535,37862869,458355,15:58:32,0.01,,,,,,,15:56:40,0.14,20260812161333,2026-08-12 16:13:33,2026-08-12,0.12,602,0.00000,0.00000,2026-08-12,8343
UMZ6,RFUD,84.79,84.9,0.11,84.91,85.22,84.7,84.82,2,0.01,84.82,-0.01,3014,28,49,416557,5043,15:58:32,0.01,,,,,,,15:51:40,-0.01,20260812161333,2026-08-12 16:13:33,2026-08-12,0.05,6,0.00000,0.00000,2026-08-12,8482
UNU6,RFUD,11212,11234,22,11469,11516,11150,11201,1,-25,11212,-211,9512,164,784,8862748,107289,15:58:32,-0.22,,,,,,,15:27:51,-1.88,20260812161333,2026-08-12 16:13:33,2026-08-12,-1.95,-574,0.00000,0.00000,2026-08-12,11201
UNZ6,RFUD,11436,11521,85,11732,11732,11442,11520,2,42,11520,-150,678,13,26,300113,3633,15:58:31,0.37,,,,,,,15:22:34,-1.3,20260812161332,2026-08-12 16:13:32,2026-08-12,-1.96,-14,0.00000,0.00000,2026-08-12,11520
USDRUBF,RFUD,82.84,82.85,0.01,82.75,83.22,82.45,82.85,1,0.01,82.85,0.48,1196054,19191,157511,13061430530,158117213,15:58:32,0.01,,,,,,,15:58:30,0.58,20260812161333,2026-08-12 16:13:33,2026-08-12,0.17,15654,0.00000,0.00000,2026-08-12,82850
UTU6,RFUD,0,542.1,0,0,0,0,0,0,0,499.3,0,0,0,0,0,0,15:01:09,0,,,,,,,15:01:09,0,20260812151610,2026-08-12 15:16:10,,,0,0.00000,0.00000,2026-08-12,0
UTZ6,RFUD,0,554.3,0,0,0,0,0,0,0,510.4,0,0,0,0,0,0,15:01:17,0,,,,,,,15:01:17,0,20260812151618,2026-08-12 15:16:18,,,0,0.00000,0.00000,2026-08-12,0
VBU6,RFUD,5845,5847,2,5940,6036,5820,5847,3,1,5846,-116,1000668,24076,321379,1903274296,23040388,15:58:32,0.02,,,,,,,15:58:25,-1.98,20260812161333,2026-08-12 16:13:33,2026-08-12,-1.57,-12636,5940.00000,0.00000,2026-08-12,5847
VBZ6,RFUD,6048,6051,3,6119,6236,6024,6051,2,15,6050,-109,115164,1870,12549,76942472,931439,15:58:32,0.25,,,,,,,15:52:52,-1.8,20260812161333,2026-08-12 16:13:33,2026-08-12,-1.53,-3438,6119.00000,0.00000,2026-08-12,6051
VIQ6,RFUD,37.75,38,0.25,39.5,41.45,37.4,37.75,1,-0.25,37.75,-2.65,2950,277,703,4451090,53883,15:55:24,-0.66,,,,,,,15:38:45,-7.02,20260812161025,2026-08-12 16:10:25,2026-08-12,-5.86,-64,0.00000,0.00000,2026-08-12,6219
VIU6,RFUD,36.95,37.45,0.5,39.6,39.6,36.8,36.85,5,-0.8,36.95,-2.4,484,116,174,1081936,13098,15:55:25,-2.12,,,,,,,15:46:40,-6.5,20260812161025,2026-08-12 16:10:25,2026-08-12,-6.35,-58,0.00000,0.00000,2026-08-12,6071
VIV6,RFUD,37.3,40,2.7,0,0,0,0,0,0,37.75,-2.65,0,0,0,0,0,15:57:03,0,,,,,,,15:57:03,-7.02,20260812161205,2026-08-12 16:12:05,,,0,0.00000,0.00000,2026-08-12,0
VKU6,RFUD,1680,1681,1,1652,1696,1610,1681,13,1,1680,52,321964,7651,188704,311602264,3772151,15:58:32,0.06,,,,,,,15:58:14,3.1,20260812161333,2026-08-12 16:13:33,2026-08-12,2.25,26496,0.00000,0.00000,2026-08-12,1681
VKZ6,RFUD,1729,1730,1,1694,1745,1662,1729,11,3,1729,50,35124,942,8276,14160488,171422,15:58:32,0.17,,,,,,,15:57:43,2.89,20260812161333,2026-08-12 16:13:33,2026-08-12,1.59,-4796,0.00000,0.00000,2026-08-12,1729
W4F7,RFUD,17990,18110,120,18000,18110,17910,18110,1,120,18110,250,3618,9,10,179690,2175,15:54:12,0.67,,,,,,,12:45:46,1.38,20260812160914,2026-08-12 16:09:14,2026-08-12,0.78,0,0.00000,0.00000,2026-08-12,18110
W4G7,RFUD,18280,18400,120,18350,18350,18350,18350,1,0,18350,100,2136,1,1,18350,222,15:54:15,0,,,,,,,09:18:29,0.54,20260812160916,2026-08-12 16:09:16,2026-08-12,-0.11,0,0.00000,0.00000,2026-08-12,18350
W4H7,RFUD,18430,18570,140,18380,19010,18380,18470,1,-540,18470,130,238,4,4,74330,900,15:54:25,-2.84,,,,,,,14:47:02,0.7,20260812160927,2026-08-12 16:09:27,2026-08-12,0.49,6,0.00000,0.00000,2026-08-12,18470
W4J7,RFUD,18590,18740,150,18670,18830,18390,18390,1,-230,18590,10,114,6,6,112050,1356,15:54:29,-1.24,,,,,,,15:02:17,0.05,20260812160931,2026-08-12 16:09:31,2026-08-12,-1.02,0,0.00000,0.00000,2026-08-12,18390
W4K7,RFUD,18700,18850,150,18740,18790,18740,18790,1,50,18790,90,156,2,2,37530,454,15:56:52,0.27,,,,,,,11:06:39,0.48,20260812161153,2026-08-12 16:11:53,2026-08-12,0.48,2,0.00000,0.00000,2026-08-12,18790
W4M7,RFUD,18670,18900,230,0,0,0,0,0,0,18790,-110,148,0,0,0,0,15:54:49,0,,,,,,,15:54:49,-0.59,20260812160950,2026-08-12 16:09:50,,,0,0.00000,0.00000,2026-08-12,0
W4N7,RFUD,18930,19850,920,19620,19630,19620,19630,3,0,19630,470,38,3,5,98140,1188,15:54:54,0,,,,,,,14:07:43,2.39,20260812160955,2026-08-12 16:09:55,2026-08-12,0,8,0.00000,0.00000,2026-08-12,19630
W4Q6,RFUD,13860,13870,10,13930,14090,13700,13870,3,20,13870,-30,22056,778,1942,26897040,325606,15:57:50,0.14,,,,,,,15:51:16,-0.22,20260812161250,2026-08-12 16:12:50,2026-08-12,-0.36,142,0.00000,0.00000,2026-08-12,13870
W4U6,RFUD,15420,15450,30,15400,15540,15300,15450,5,30,15450,180,23544,542,1004,15495270,187580,15:58:10,0.19,,,,,,,15:54:46,1.17,20260812161310,2026-08-12 16:13:10,2026-08-12,0.46,204,0.00000,0.00000,2026-08-12,15450
W4V6,RFUD,16200,16230,30,16170,16290,16040,16230,1,30,16230,160,6970,155,360,5833700,70621,15:58:10,0.19,,,,,,,15:57:02,0.99,20260812161310,2026-08-12 16:13:10,2026-08-12,0.43,482,0.00000,0.00000,2026-08-12,16230
W4X6,RFUD,17320,17370,50,17380,17430,17270,17330,1,30,17330,100,4574,35,40,694420,8406,15:58:17,0.17,,,,,,,13:49:01,0.58,20260812161318,2026-08-12 16:13:18,2026-08-12,0.35,44,0.00000,0.00000,2026-08-12,17330
W4Z6,RFUD,17800,17960,160,17860,17900,17730,17900,20,50,17900,460,4644,23,77,1375050,16646,15:58:10,0.28,,,,,,,15:55:48,2.57,20260812161310,2026-08-12 16:13:10,2026-08-12,0.51,100,0.00000,0.00000,2026-08-12,17900
WTF7,RFUD,67.2,87.77,20.57,0,0,0,0,0,0,77.49,-1.6,0,0,0,0,0,15:56:25,0,,,,,,,15:56:25,-2.06,20260812161330,2026-08-12 16:13:30,,,0,0.00000,0.00000,2026-08-12,0
WTG7,RFUD,63.87,89.47,25.6,0,0,0,0,0,0,76.67,-0.22,0,0,0,0,0,15:56:38,0,,,,,,,15:56:38,-0.29,20260812161330,2026-08-12 16:13:30,,,0,0.00000,0.00000,2026-08-12,0
WTQ6,RFUD,83.07,83.21,0.14,84.29,84.29,82.62,83.34,1,-0.14,83.27,-0.08,1824,14,429,29441182,356405,15:58:32,-0.17,,,,,,,14:28:09,-0.1,20260812161333,2026-08-12 16:13:33,2026-08-12,-0.01,-402,0.00000,0.00000,2026-08-12,68651
WTU6,RFUD,80.77,82.31,1.54,0,0,0,0,0,0,81.57,0.57,58,0,0,0,0,15:58:30,0,,,,,,,15:58:30,0.7,20260812161331,2026-08-12 16:13:31,,,0,0.00000,0.00000,2026-08-12,0
WTV6,RFUD,78.77,81.57,2.8,0,0,0,0,0,0,80.17,0.07,10,0,0,0,0,15:56:48,0,,,,,,,15:56:48,0.09,20260812161330,2026-08-12 16:13:30,,,0,0.00000,0.00000,2026-08-12,0
WTX6,RFUD,75.25,83.5,8.25,78.84,78.84,78.84,78.84,1,0,78.84,0.62,12,1,1,64944,786,15:56:48,0,,,,,,,14:28:05,0.79,20260812161330,2026-08-12 16:13:30,2026-08-12,0,-2,0.00000,0.00000,2026-08-12,64944
WTZ6,RFUD,73.57,84.97,11.4,0,0,0,0,0,0,79.27,1.35,0,0,0,0,0,15:56:48,0,,,,,,,15:56:48,1.7,20260812161330,2026-08-12 16:13:30,,,0,0.00000,0.00000,2026-08-12,0
WUU6,RFUD,562,563,1,571,573,555,562,125,-1,562,-2,707776,1772,69476,39144760,473873,15:58:32,-0.18,,,,,,,15:49:36,-0.36,20260812161333,2026-08-12 16:13:33,2026-08-12,-1.23,-376,0.00000,0.00000,2026-08-12,562
WUZ6,RFUD,571,572,1,582,582,565,572,38,2,572,0,25578,192,2224,1270583,15381,15:57:58,0.35,,,,,,,15:43:52,0,20260812161259,2026-08-12 16:12:59,2026-08-12,-0.69,-1218,0.00000,0.00000,2026-08-12,572
X5U6,RFUD,2150,2152,2,2148,2155,2142,2151,4,2,2151,6,980862,1019,13639,29304706,354753,15:58:26,0.09,,,,,,,15:53:03,0.28,20260812161330,2026-08-12 16:13:30,2026-08-12,-0.19,1450,0.00000,0.00000,2026-08-12,2151
X5Z6,RFUD,2224,2227,3,2227,2229,2216,2226,4,-2,2226,6,29462,147,1792,3987509,48271,15:58:29,-0.09,,,,,,,15:53:03,0.27,20260812161330,2026-08-12 16:13:30,2026-08-12,0.09,-686,0.00000,0.00000,2026-08-12,2226
XIU6,RFUD,26.4,26.52,0.12,26.3,26.56,26.3,26.41,1,-0.01,26.41,-0.65,1536,19,52,1438789,17417,15:57:09,-0.04,,,,,,,12:26:02,-2.46,20260812161211,2026-08-12 16:12:11,2026-08-12,-1.16,-36,0.00000,0.00000,2026-08-12,27722
XIZ6,RFUD,27.1,27.55,0.45,26.74,27.1,26.61,27.1,1,0.01,27.1,-0.35,78,8,8,225410,2729,15:57:09,0.04,,,,,,,10:21:18,-1.29,20260812161211,2026-08-12 16:12:11,2026-08-12,0,-4,0.00000,0.00000,2026-08-12,28447
XRQ6,RFUD,1.0246,1.0251,0.0005,1.0343,1.0375,1.0273,1.0273,1,-0.0029,1.0251,0.0075,11472,61,273,2320805,28095,15:58:01,-0.28,,,,,,,15:41:30,0.73,20260812161302,2026-08-12 16:13:02,2026-08-12,-0.77,-198,0.00000,0.00000,2026-08-12,8462
XRU6,RFUD,1.0336,1.0341,0.0005,1.0543,1.0543,1.0333,1.0333,1,-0.0035,1.0336,-0.001,352,53,107,920118,11139,15:57:15,-0.34,,,,,,,15:49:43,-0.1,20260812161250,2026-08-12 16:12:50,2026-08-12,-0.84,140,0.00000,0.00000,2026-08-12,8512
XRV6,RFUD,1.0372,1.0541,0.0169,0,0,0,0,0,0,1.0372,-0.0128,28,0,0,0,0,15:57:15,0,,,,,,,15:57:15,-1.23,20260812161250,2026-08-12 16:12:50,,,0,0.00000,0.00000,2026-08-12,0
YDU6,RFUD,4050,4052,2,4069,4084,4029,4053,1,4,4050,-28,478580,3332,47289,191783310,2321663,15:58:26,0.1,,,,,,,15:58:07,-0.69,20260812161326,2026-08-12 16:13:26,2026-08-12,-0.52,-942,4069.00000,0.00000,2026-08-12,4053
YDZ6,RFUD,4074,4077,3,4095,4112,4054,4072,1,-6,4074,-31,29688,316,2729,11118892,134602,15:58:26,-0.15,,,,,,,15:47:06,-0.76,20260812161330,2026-08-12 16:13:30,2026-08-12,-0.78,1674,0.00000,0.00000,2026-08-12,4072
ZCU6,RFUD,3787.5,3800,12.5,3754.5,3806,3750,3800.5,1,3.5,3800,64,1392,44,545,17026834,206121,15:58:32,0.09,,,,,,,15:31:01,1.68,20260812161333,2026-08-12 16:13:33,2026-08-12,1.73,1026,0.00000,0.00000,2026-08-12,31306
ZCZ6,RFUD,3742.5,3771,28.5,3709,3773.5,3673,3770.5,1,23,3770.5,55.5,216,23,24,736829,8920,15:57:51,0.61,,,,,,,15:13:41,1.47,20260812161251,2026-08-12 16:12:51,2026-08-12,0.68,24,0.00000,0.00000,2026-08-12,31059
